Workbook

Sheet HuongDan
A1: FILE THỰC HÀNH: TÌM DỮ LIỆU, ĐI KHẢO SÁT VÀ KIỂM TRA ĐIỂM MỚI (ĐỀ TÀI NGÂN HÀNG X VÀ TRƯỜNG TIỂU HỌC Y)
A2: Đây là dữ liệu giả định dùng để học, không phải số liệu thật. Sheet 6 dùng lại đúng 165 phiếu thô của file 2.Chapter_2_and_Chapter_3_Practice.xlsx nên mọi con số khớp với sách (200 người được mời, 165 phiếu thu về, 15 phiếu bị loại, 150 phiếu hợp lệ).
A3: Dùng kèm sách "Hướng dẫn viết chuyên đề và khóa luận tốt nghiệp": Mục 2.1.3A, 3.4.1A, 3.5.1A, 3.5.1B và 3.5.1C (phần bổ sung thực hành). Các bảng trong sách đánh số BS1 đến BS13 để không làm thay đổi số bảng cũ.
A5: Thứ tự các sheet đi theo đúng thứ tự làm việc:
A6: 1_NhatKyTimTaiLieu: ghi mỗi lần tìm tài liệu (nguồn, chuỗi tìm kiếm, số kết quả, số bài giữ lại). Bảng BS1 của sách.
A7: 2_MaTranTaiLieu: ma trận 21 nghiên cứu (giả định) và bảng đếm khoảng trống bằng COUNTIFS. Bảng BS2 của sách.
A8: 3_SoCapThuCap: phân biệt dữ liệu sơ cấp và thứ cấp, chuỗi tư duy sáu bậc, nơi tìm dữ liệu thứ cấp. Bảng BS4 đến BS6.
A9: 4_KeHoachMau: từ cỡ mẫu tối thiểu đến số người cần mời; thử nhiều tình huống tỷ lệ phản hồi. Bảng BS8.
A10: 5_LichTiepXuc: lịch báo trước, gửi, nhắc lại và đóng khảo sát của Ngân hàng X. Bảng BS9.
A11: 6_DuLieuThoGanCo: 165 phiếu thô kèm các cột công thức gắn cờ: ngày, đợt trả lời, số ô trống, phiếu trùng, độ lệch chuẩn của dòng, kết luận giữ hay loại.
A12: 7_NhatKyThuThap: nhật ký từng ngày; số phiếu nhận và số phiếu lỗi được đếm tự động từ sheet 6. Bảng BS10.
A13: 8_SomMuon: kiểm tra sai lệch do không phản hồi bằng cách so sánh nhóm trả lời sớm và nhóm trả lời muộn (T.TEST). Bảng BS13.
... A20: Ô nền xám là tiêu đề. Ô nền vàng là ô sinh viên thay bằng số liệu của mình. Ô nền cam là kết quả cần đọc. Mọi ô số trong sheet 2, 4, 7, 8, 10, 11, 12 là công thức: bấm vào ô để xem công thức.

Sheet 1_NhatKyTimTaiLieu
A1: NHẬT KÝ TÌM TÀI LIỆU (ví dụ đề tài Ngân hàng X, số liệu giả định)
A2: Mỗi lần tìm là một dòng. Cột F là số bản ghi đã xem (Google Scholar trả về hàng nghìn kết quả nên chỉ xem 100 kết quả đầu theo mức liên quan). Cột G: số bài giữ lại sau khi đọc tên và tóm tắt. Cột H: số bài giữ lại sau khi đọc toàn văn, đã loại bài trùng với các dòng trên. Dừng lăn cầu tuyết khi một vòng không thêm bài mới (Wohlin, 2014).
A3: Vòng | B3: Ngày | C3: Nguồn | D3: Chuỗi tìm kiếm hoặc cách tìm | E3: Bộ lọc | F3: Số bản ghi đã xem | G3: Giữ sau tên và tóm tắt | H3: Giữ sau toàn văn | I3: Ghi chú
A4: 1 | B4: [ngày] | C4: Google Scholar | D4: ("mobile banking" OR "digital banking") AND (intention OR adoption) AND Vietnam | E4: Từ 2015 đến [năm]; 100 kết quả đầu | F4: 100 | G4: 19 | H4: 7 | I4: Ưu tiên bài trên tạp chí có bình duyệt
A5: 1 | B5: [ngày] | C5: ScienceDirect (qua thư viện) | D5: Như trên | E5: Research articles; từ 2015 | F5: 61 | G5: 12 | H5: 4 | I5: Loại 3 bài trùng với dòng 1
A6: 1 | B6: [ngày] | C6: Tạp chí khoa học trong nước | D6: "ngân hàng số" AND ("ý định" OR "chấp nhận") | E6: Từ 2018 | F6: 34 | G6: 8 | H6: 3 | I6: Đọc kỹ thang đo đã Việt hóa
A7: 2 | B7: [ngày] | C7: Lần ngược (backward) | D7: Danh mục tài liệu tham khảo của 5 bài chính | E7: Chỉ giữ bài đúng chủ đề | F7: 187 | G7: 11 | H7: 4 | I7: Tìm ra 2 bài gốc của thang đo niềm tin
A8: 2 | B8: [ngày] | C8: Lần xuôi (forward) | D8: Nút "Cited by" của 5 bài chính trên Google Scholar | E8: Từ 2020 | F8: 142 | G8: 9 | H8: 3 | I8: Tìm ra bài mới nhất về khách hàng ngoài thành phố lớn
A9: 3 | B9: [ngày] | C9: Lần ngược và lần xuôi | D9: Từ 7 bài mới của vòng 2 | E9: Như trên | F9: 96 | G9: 4 | H9: 0 | I9: Không thêm bài mới: dừng tìm
E10: Tổng | F10: =SUM(F4:F9) | G10: =SUM(G4:G9) | H10: =SUM(H4:H9)
A12: Câu viết vào khóa luận lấy số từ dòng Tổng: "Tác giả xem [F] bản ghi, giữ [G] bài sau khi đọc tên và tóm tắt và giữ [H] bài sau khi đọc toàn văn." Với số liệu trên: 620 bản ghi, 63 bài và 21 bài.

Sheet 2_MaTranTaiLieu
A1: MA TRẬN TÀI LIỆU VÀ BẢNG ĐẾM KHOẢNG TRỐNG (21 nghiên cứu giả định, không phải tài liệu thật)
A2: Mỗi hàng là một nghiên cứu đã giữ lại ở sheet 1. Cột E đến H: 1 = nghiên cứu có xét biến đó; 0 = không xét. Cột I: kết quả của sự dễ sử dụng (SD) nếu nghiên cứu có xét. Khi làm thật, cột A ghi tên tác giả và năm.
A3: Mã | B3: Bối cảnh | C3: Lý thuyết nền | D3: Đối tượng | E3: HI | F3: SD | G3: NT | H3: XH | I3: Kết quả SD | J3: Phương pháp | K3: Đơn vị khảo sát
A4: NC01 | B4: TP lớn | C4: TAM + UTAUT | D4: Sinh viên | E4: 1 | F4: 1 | G4: 1 | H4: 1 | I4: Có ý nghĩa | J4: PLS-SEM | K4: Ngân hàng khác
A5: NC02 | B5: TP lớn | C5: TAM | D5: Khách hàng cá nhân | E5: 1 | F5: 1 | G5: 1 | H5: 1 | I5: Không có ý nghĩa | J5: Hồi quy | K5: Ngân hàng khác
A6: NC03 | B6: TP lớn | C6: UTAUT | D6: Khách hàng cá nhân | E6: 1 | F6: 0 | G6: 1 | H6: 1 | J6: SEM | K6: Ngân hàng khác
A7: NC04 | B7: TP lớn | C7: TAM + TPB | D7: Khách hàng cá nhân | E7: 1 | F7: 1 | G7: 1 | H7: 1 | I7: Có ý nghĩa | J7: Hồi quy | K7: Ngân hàng khác
A8: NC05 | B8: TP lớn | C8: UTAUT | D8: Khách hàng cá nhân | E8: 1 | F8: 0 | G8: 1 | H8: 1 | J8: PLS-SEM | K8: Ngân hàng khác
A9: NC06 | B9: TP lớn | C9: UTAUT | D9: Sinh viên | E9: 1 | F9: 1 | G9: 1 | H9: 1 | I9: Không có ý nghĩa | J9: PLS-SEM | K9: Ngân hàng khác
A10: NC07 | B10: TP lớn | C10: TAM + TPB | D10: Khách hàng cá nhân | E10: 1 | F10: 0 | G10: 1 | H10: 1 | J10: SEM | K10: Ngân hàng khác
A11: NC08 | B11: Tỉnh | C11: TAM | D11: Khách hàng cá nhân | E11: 1 | F11: 1 | G11: 1 | H11: 1 | I11: Có ý nghĩa | J11: Hồi quy | K11: Ngân hàng khác
A12: NC09 | B12: TP lớn | C12: TAM | D12: Khách hàng cá nhân | E12: 1 | F12: 1 | G12: 0 | H12: 0 | I12: Có ý nghĩa | J12: Hồi quy | K12: Ngân hàng khác
A13: NC10 | B13: TP lớn | C13: TAM | D13: Khách hàng cá nhân | E13: 1 | F13: 1 | G13: 1 | H13: 0 | I13: Có ý nghĩa | J13: Hồi quy | K13: Ngân hàng khác
A14: NC11 | B14: TP lớn | C14: UTAUT | D14: Sinh viên | E14: 1 | F14: 1 | G14: 0 | H14: 1 | I14: Có ý nghĩa | J14: SEM | K14: Ngân hàng khác
A15: NC12 | B15: TP lớn | C15: TAM | D15: Khách hàng cá nhân | E15: 1 | F15: 1 | G15: 0 | H15: 0 | I15: Không có ý nghĩa | J15: PLS-SEM | K15: Ngân hàng khác
A16: NC13 | B16: TP lớn | C16: TAM | D16: Khách hàng cá nhân | E16: 1 | F16: 0 | G16: 1 | H16: 0 | J16: Hồi quy | K16: Ngân hàng khác
A17: NC14 | B17: TP lớn | C17: TPB | D17: Khách hàng cá nhân | E17: 0 | F17: 0 | G17: 1 | H17: 1 | J17: Hồi quy | K17: Ngân hàng khác
A18: NC15 | B18: TP lớn | C18: UTAUT | D18: Khách hàng cá nhân | E18: 1 | F18: 0 | G18: 0 | H18: 1 | J18: SEM | K18: Ngân hàng khác
A19: NC16 | B19: TP lớn | C19: TAM | D19: Sinh viên | E19: 1 | F19: 1 | G19: 0 | H19: 0 | I19: Có ý nghĩa | J19: Hồi quy | K19: Ngân hàng khác
A20: NC17 | B20: TP lớn | C20: Cam kết và niềm tin | D20: Khách hàng cá nhân | E20: 0 | F20: 0 | G20: 1 | H20: 0 | J20: SEM | K20: Ngân hàng khác
A21: NC18 | B21: Tỉnh | C21: TAM | D21: Khách hàng cá nhân | E21: 1 | F21: 1 | G21: 0 | H21: 0 | I21: Không có ý nghĩa | J21: Hồi quy | K21: Ngân hàng khác
A22: NC19 | B22: Tỉnh | C22: TAM | D22: Khách hàng cá nhân | E22: 1 | F22: 0 | G22: 1 | H22: 0 | J22: Hồi quy | K22: Ngân hàng khác
A23: NC20 | B23: Tỉnh | C23: TPB | D23: Khách hàng cá nhân | E23: 0 | F23: 0 | G23: 0 | H23: 1 | J23: Hồi quy | K23: Ngân hàng khác
A24: NC21 | B24: TP lớn | C24: TAM | D24: Sinh viên | E24: 1 | F24: 0 | G24: 1 | H24: 0 | J24: PLS-SEM | K24: Ngân hàng khác
A26: BẢNG ĐẾM KHOẢNG TRỐNG (Bảng BS2 của sách)
A27: Câu hỏi đếm | B27: Kết quả | C27: Cách đọc
A28: Tổng số nghiên cứu trong ma trận | B28: =COUNTA($A$4:$A$24) | C28: Quy mô tổng quan; nên từ 15 đến 20 trở lên
A29: Xét đồng thời HI, NT và XH | B29: =COUNTIFS($E$4:$E$24,1,$G$4:$G$24,1,$H$4:$H$24,1) | C29: Lớn hơn 0: tổ hợp biến không mới
A30: ... trong đó khảo sát ngoài thành phố lớn | B30: =COUNTIFS($E$4:$E$24,1,$G$4:$G$24,1,$H$4:$H$24,1,$B$4:$B$24,"Tỉnh") | C30: Rất ít: khoảng trống loại 1 (bối cảnh)
A31: Khảo sát tại Ngân hàng X | B31: =COUNTIF($K$4:$K$24,"Ngân hàng X") | C31: Bằng 0 nhưng yếu nếu đứng một mình (Whetten, 1989)
A32: SD có ý nghĩa | B32: =COUNTIF($I$4:$I$24,"Có ý nghĩa") | C32: So với dòng dưới
A33: SD không có ý nghĩa | B33: =COUNTIF($I$4:$I$24,"Không có ý nghĩa") | C33: Hai dòng đều lớn hơn 0: khoảng trống loại 4 (kết quả trái chiều)
A34: Tỷ lệ nghiên cứu ở thành phố lớn (%) | B34: =COUNTIF($B$4:$B$24,"TP lớn")/COUNTA($A$4:$A$24)*100 | C34: Căn cứ cho câu "chủ yếu khảo sát tại các thành phố lớn"
A36: Ô bằng 0 chỉ là ứng viên khoảng trống. Sinh viên phải giải thích vì sao bối cảnh đó có thể làm kết quả khác đi; nếu không, "chưa ai nghiên cứu ở đơn vị của em" chưa phải điểm mới.

Sheet 3_SoCapThuCap
A1: DỮ LIỆU SƠ CẤP VÀ DỮ LIỆU THỨ CẤP
A2: Bảng BS4. So sánh hai loại dữ liệu
A3: Tiêu chí | B3: Dữ liệu sơ cấp | C3: Dữ liệu thứ cấp
A4: Ai thu thập | B4: Chính sinh viên | C4: Cơ quan, tổ chức hoặc nhà nghiên cứu khác
A5: Thu để làm gì | B5: Trả lời đúng câu hỏi nghiên cứu của đề tài | C5: Mục đích riêng của người thu; đề tài dùng lại
A6: Ví dụ Ngân hàng X | B6: 165 phiếu Google Form của khách hàng cá nhân | C6: Báo cáo thường niên của Ngân hàng X; niên giám thống kê; số liệu của ngân hàng trung ương
A7: Ví dụ Trường Tiểu học Y | B7: 131 phiếu giấy của phụ huynh; biên bản 10 buổi phỏng vấn | C7: Kế hoạch năm học, báo cáo tổng kết của trường (khi được Ban giám hiệu cho phép)
A8: Ưu điểm | B8: Đo đúng biến cần đo; biết rõ cách thu | C8: Có sẵn, nhanh, nhiều năm, ít tốn kém
A9: Hạn chế | B9: Mất 2 đến 3 tuần; phụ thuộc người trả lời; dễ sai lệch nếu thu sai cách | C9: Định nghĩa và cách đo có thể khác khái niệm của đề tài; có thể đã cũ
A10: Vai trò trong khóa luận khảo sát | B10: Kiểm định giả thuyết H1 đến H4 | C10: Mô tả bối cảnh ở Chương 1; giải thích kết quả ở Chương 4
A11: Phải ghi lại | B11: Quy trình thu ở mục 3.5.1: thời gian, kênh, số mời, số thu, số loại | C11: Tên tổ chức, năm, tên tài liệu, trang hoặc bảng, ngày truy cập
A13: Bảng BS5. Chuỗi tư duy sáu bậc: từ câu hỏi nghiên cứu đến người cầm phiếu
A14: Bậc | B14: Ngân hàng X | C14: Trường Tiểu học Y
A15: 1. Câu hỏi cần con số hay câu chuyện? | B15: Con số: mức tác động của bốn yếu tố đến ý định sử dụng | C15: Con số: mức tác động của ba yếu tố đến sự hài lòng; câu chuyện: phụ huynh trải nghiệm thủ tục ra sao
A16: 2. Con số đo khái niệm nào? | B16: HI, SD, NT, XH, YD (19 câu hỏi) | C16: CSVC, TDNV, QTHC, HL (16 câu hỏi)
A17: 3. Ai biết câu trả lời? | B17: Khách hàng cá nhân đã đăng ký ngân hàng số; không hỏi nhân viên ngân hàng | C17: Phụ huynh đã làm thủ tục trong năm học; không hỏi học sinh
A18: 4. Dữ liệu đã có sẵn chưa? | B18: Chưa: ý định và niềm tin không có trong báo cáo nào. Thu sơ cấp | C18: Chưa: sự hài lòng về thủ tục không có trong báo cáo của trường. Thu sơ cấp
A19: 5. Thu bằng gì, gặp ở đâu, qua ai, lúc nào? | B19: Google Form; tại quầy (mã QR) và qua email, Zalo; xin phép Giám đốc phòng giao dịch | C19: Phiếu giấy tại cổng trường giờ đón con; xin phép Ban giám hiệu
A20: 6. Không gặp được thì làm gì? | B20: Thêm phòng giao dịch thứ hai; kéo dài thêm một tuần; ghi vào hạn chế | C20: Gửi phiếu qua giáo viên chủ nhiệm; thêm buổi họp phụ huynh
A22: Bảng BS6. Nơi tìm dữ liệu thứ cấp và điều cần ghi lại
A23: Loại dữ liệu | B23: Nguồn gốc nên lấy | C23: Lưu ý
A24: Số liệu dân số, kinh tế, doanh nghiệp | B24: Niên giám thống kê của cơ quan thống kê quốc gia (trang nso.gov.vn, trước đây gso.gov.vn) | C24: Ghi năm xuất bản, tên bảng; không lấy số qua bài báo kể lại
A25: Số liệu ngành ngân hàng | B25: Trang thông tin của Ngân hàng Nhà nước; báo cáo của hiệp hội ngành | C25: Ghi rõ chỉ tiêu được định nghĩa thế nào
A26: Số liệu của một ngân hàng | B26: Báo cáo thường niên, báo cáo tài chính trên trang quan hệ nhà đầu tư | C26: Ghi năm và số trang; lưu bản PDF
A27: Số liệu của trường học | B27: Kế hoạch năm học, báo cáo tổng kết, báo cáo tự đánh giá | C27: Chỉ dùng khi được phép; không đưa thông tin cá nhân
A28: Tài liệu tổ chức, công khai, mạng xã hội | B28: Fanpage, Zalo OA, bình luận công khai (Trần Phước, n.d., tr. 49) | C28: Chụp màn hình có ngày; ẩn tên người bình luận
A29: Nghiên cứu trước | B29: Bài báo, luận văn tìm qua sheet 1 | C29: Là tài liệu tham khảo cho Chương 2, không phải dữ liệu để kiểm định
A31: Năm câu hỏi đánh giá một nguồn thứ cấp trước khi dùng
A32: Câu hỏi | B32: Ví dụ trả lời đạt | C32: Nếu trả lời không
A33: Ai thu và có uy tín không? | B33: Cơ quan thống kê quốc gia | C33: Tìm nguồn gốc của con số
A34: Thu để làm gì? | B34: Thống kê chính thức hằng năm | C34: Cân nhắc sai lệch do mục đích quảng bá
A35: Thu khi nào? | B35: Năm gần nhất có số liệu | C35: Ghi rõ năm; giải thích vì sao dùng số cũ
A36: Định nghĩa có khớp khái niệm của đề tài không? | B36: "Tài khoản thanh toán cá nhân" khớp phạm vi khách hàng cá nhân | C36: Không dùng làm bằng chứng trực tiếp
A37: Dẫn nguồn đầy đủ được không? | B37: Có tên, năm, trang, đường dẫn | C37: Không dùng

Sheet 4_KeHoachMau
A1: TỪ CỠ MẪU TỐI THIỂU ĐẾN SỐ NGƯỜI CẦN MỜI (Bảng BS8 của sách)
A2: Sinh viên chỉ sửa các ô nền vàng. Công thức: số cần mời = số phiếu hợp lệ mục tiêu chia cho (tỷ lệ phản hồi dự kiến nhân tỷ lệ phiếu hợp lệ dự kiến), làm tròn lên.
A3: Chỉ tiêu | B3: Giá trị | C3: Ghi chú
A4: Số biến quan sát (câu hỏi đo khái niệm) | B4: 19 | C4: Bảng 13 của sách
A5: Số biến độc lập | B5: 4 | C5: HI, SD, NT, XH
A6: Tối thiểu theo Hair và cộng sự (2010): 5 nhân số câu | B6: =5*B4 | C6: Cho phân tích nhân tố
A7: Tối thiểu theo Green (1991): 50 + 8m | B7: =50+8*B5 | C7: Cho hồi quy
A8: Cỡ mẫu tối thiểu | B8: =MAX(B6,B7) | C8: Lấy số lớn hơn
A9: Số phiếu hợp lệ mục tiêu | B9: 150 | C9: Bảng 12 của sách
A10: Tỷ lệ phản hồi dự kiến | B10: 0.8 | C10: Ước lượng khi lập kế hoạch
A11: Tỷ lệ phiếu hợp lệ dự kiến | B11: 0.94 | C11: Ước lượng khi lập kế hoạch
A12: SỐ NGƯỜI CẦN MỜI | B12: =ROUNDUP(B9/(B10*B11),0) | C12: Ngân hàng X đã mời 200 người
A14: Thử các tình huống (cùng mục tiêu 150 phiếu hợp lệ)
A15: Tình huống | B15: Tỷ lệ phản hồi | C15: Tỷ lệ hợp lệ | D15: Số cần mời
A16: Ngân hàng X thực tế: mời tại quầy và trực tuyến | B16: 0.825 | C16: 0.90909091 | D16: =ROUNDUP(150/(B16*C16),0)
A17: Chỉ gửi trực tuyến, tỷ lệ bằng mức trung bình 52,7% của Baruch và Holtom (2008) | B17: 0.527 | C17: 0.9 | D17: =ROUNDUP(150/(B17*C17),0)
A18: Chỉ đăng một lần lên mạng xã hội, không nhắc lại (giả định) | B18: 0.3 | C18: 0.85 | D18: =ROUNDUP(150/(B18*C18),0)
A20: Cách đọc: cùng mục tiêu 150 phiếu, khảo sát chỉ qua mạng ở mức phản hồi trung bình cần mời khoảng 317 người, gấp hơn một lần rưỡi Ngân hàng X. Vì vậy kế hoạch mời phải làm trước khi phát phiếu, không làm sau khi thấy thiếu.

Sheet 5_LichTiepXuc
A1: LỊCH TIẾP XÚC CỦA NGÂN HÀNG X (Bảng BS9 của sách)
A2: Dillman và cộng sự (2014) xem khảo sát là một chuỗi tiếp xúc có kế hoạch. Mốc ngày khớp với dấu thời gian của 165 phiếu ở sheet 6. Các ngày nhắc lại cũng là ranh giới chia nhóm trả lời sớm và muộn ở sheet 8.
A3: Ngày | B3: Thứ | C3: Việc | D3: Nội dung chính
A4: 45712 | B4: Thứ Hai | C4: Xin phép | D4: Nộp giấy giới thiệu của Khoa; Giám đốc phòng giao dịch đồng ý cho đặt mã QR tại quầy từ 8 giờ đến 10 giờ
A5: 45714 | B5: Thứ Tư | C5: Thử phiếu | D5: Đọc thử với 5 khách hàng; khảo sát thử 30 người để tính Alpha sơ bộ (không gộp vào dữ liệu chính thức)
A6: 45719 | B6: Thứ Hai | C6: Gửi đợt 1 | D6: Gửi 50 email cá nhân hóa; bắt đầu mời tại quầy
A7: 45720 | B7: Thứ Ba | C7: Gửi đợt 2 | D7: Gửi tin nhắn Zalo cho 40 khách hàng đã đồng ý nhận tin
A8: 45721 | B8: Thứ Tư | C8: Gửi đợt 3 | D8: Gửi tin nhắn Zalo cho 30 khách hàng còn lại
A9: 45722 | B9: Thứ Năm | C9: Nhắc lần 1 | D9: Nhắn chung: cảm ơn người đã trả lời, mời người chưa trả lời; ghi ngày nhắc
A10: 45729 | B10: Thứ Năm | C10: Nhắc lần 2 | D10: Nhắn lần cuối, nói rõ ngày đóng khảo sát
A11: 45733 | B11: Thứ Hai | C11: Đóng | D11: Tắt "Chấp nhận phản hồi"; tải file thô; gửi lời cảm ơn phòng giao dịch

Sheet 6_DuLieuThoGanCo
A1: Dấu thời gian | B1: GT | C1: TUOI | D1: THUNHAP | E1: TGSD | F1: HI1 | G1: HI2 | H1: HI3 | I1: HI4 | J1: SD1 | K1: SD2 | L1: SD3 | M1: SD4 | N1: NT1 | O1: NT2 | P1: NT3 | Q1: NT4 | R1: XH1 | S1: XH2 | T1: XH3 | U1: XH4 | V1: YD1 | W1: YD2 | X1: YD3 | Y1: Ngày | Z1: Đợt | AA1: Số ô trống | AB1: Khóa so trùng | AC1: Trùng | AD1: Độ lệch chuẩn dòng | AE1: Giữ | AF1: Lý do loại | AG1: HI | AH1: SD | AI1: NT | AJ1: XH | AK1: YD
A2: 45719.569 | B2: 2 | C2: 2 | D2: 2 | E2: 2 | F2: 5 | G2: 4 | H2: 5 | I2: 5 | J2: 5 | K2: 5 | L2: 5 | M2: 5 | N2: 2 | O2: 3 | P2: 2 | Q2: 4 | R2: 5 | S2: 4 | T2: 4 | U2: 4 | V2: 4 | W2: 5 | X2: 4 | Y2: =INT(A2) | Z2: =IF(Y2<DATE(2025,3,6),1,IF(Y2<DATE(2025,3,13),2,3)) | AA2: =COUNTBLANK(B2:X2) | AB2: =B2&"|"&C2&"|"&D2&"|"&E2&"|"&F2&"|"&G2&"|"&H2&"|"&I2&"|"&J2&"|"&K2&"|"&L2&"|"&M2&"|"&N2&"|"&O2&"|"&P2&"|"&Q2&"|"&R2&"|"&S2&"|"&T2&"|"&U2&"|"&V2&"|"&W2&"|"&X2 | AC2: =IF(COUNTIF($AB$2:AB2,AB2)>1,1,0) | AD2: =STDEV(F2:X2) | AE2: =IF(OR(AA2>=8,AC2=1,AD2=0),0,1) | AF2: =IF(AE2=1,"",IF(AC2=1,"Trùng",IF(AA2>=8,"Bỏ trống "&AA2&" ô","Chọn cùng một mức"))) | AG2: =IF($AE2=1,AVERAGE(F2:I2),"") | AH2: =IF($AE2=1,AVERAGE(J2:M2),"") | AI2: =IF($AE2=1,AVERAGE(N2:Q2),"") | AJ2: =IF($AE2=1,AVERAGE(R2:U2),"") | AK2: =IF($AE2=1,AVERAGE(V2:X2),"")
A3: 45719.637 | B3: 1 | C3: 2 | D3: 3 | E3: 3 | F3: 3 | G3: 2 | H3: 3 | I3: 3 | J3: 3 | K3: 3 | L3: 2 | M3: 2 | N3: 3 | O3: 3 | P3: 4 | Q3: 5 | R3: 2 | S3: 3 | T3: 3 | U3: 1 | V3: 3 | W3: 2 | X3: 1 | Y3: =INT(A3) | Z3: =IF(Y3<DATE(2025,3,6),1,IF(Y3<DATE(2025,3,13),2,3)) | AA3: =COUNTBLANK(B3:X3) | AB3: =B3&"|"&C3&"|"&D3&"|"&E3&"|"&F3&"|"&G3&"|"&H3&"|"&I3&"|"&J3&"|"&K3&"|"&L3&"|"&M3&"|"&N3&"|"&O3&"|"&P3&"|"&Q3&"|"&R3&"|"&S3&"|"&T3&"|"&U3&"|"&V3&"|"&W3&"|"&X3 | AC3: =IF(COUNTIF($AB$2:AB3,AB3)>1,1,0) | AD3: =STDEV(F3:X3) | AE3: =IF(OR(AA3>=8,AC3=1,AD3=0),0,1) | AF3: =IF(AE3=1,"",IF(AC3=1,"Trùng",IF(AA3>=8,"Bỏ trống "&AA3&" ô","Chọn cùng một mức"))) | AG3: =IF($AE3=1,AVERAGE(F3:I3),"") | AH3: =IF($AE3=1,AVERAGE(J3:M3),"") | AI3: =IF($AE3=1,AVERAGE(N3:Q3),"") | AJ3: =IF($AE3=1,AVERAGE(R3:U3),"") | AK3: =IF($AE3=1,AVERAGE(V3:X3),"")
A4: 45719.691 | B4: 1 | C4: 1 | D4: 3 | E4: 2 | F4: 3 | G4: 3 | H4: 2 | I4: 3 | J4: 4 | K4: 5 | L4: 4 | M4: 3 | N4: 4 | O4: 4 | P4: 4 | Q4: 4 | R4: 2 | S4: 5 | T4: 4 | U4: 4 | V4: 4 | W4: 3 | X4: 4 | Y4: =INT(A4) | Z4: =IF(Y4<DATE(2025,3,6),1,IF(Y4<DATE(2025,3,13),2,3)) | AA4: =COUNTBLANK(B4:X4) | AB4: =B4&"|"&C4&"|"&D4&"|"&E4&"|"&F4&"|"&G4&"|"&H4&"|"&I4&"|"&J4&"|"&K4&"|"&L4&"|"&M4&"|"&N4&"|"&O4&"|"&P4&"|"&Q4&"|"&R4&"|"&S4&"|"&T4&"|"&U4&"|"&V4&"|"&W4&"|"&X4 | AC4: =IF(COUNTIF($AB$2:AB4,AB4)>1,1,0) | AD4: =STDEV(F4:X4) | AE4: =IF(OR(AA4>=8,AC4=1,AD4=0),0,1) | AF4: =IF(AE4=1,"",IF(AC4=1,"Trùng",IF(AA4>=8,"Bỏ trống "&AA4&" ô","Chọn cùng một mức"))) | AG4: =IF($AE4=1,AVERAGE(F4:I4),"") | AH4: =IF($AE4=1,AVERAGE(J4:M4),"") | AI4: =IF($AE4=1,AVERAGE(N4:Q4),"") | AJ4: =IF($AE4=1,AVERAGE(R4:U4),"") | AK4: =IF($AE4=1,AVERAGE(V4:X4),"")
A5: 45719.708 | B5: 2 | C5: 2 | D5: 2 | E5: 2 | F5: 4 | G5: 3 | H5: 2 | I5: 2 | J5: 3 | K5: 3 | L5: 3 | M5: 3 | N5: 3 | O5: 2 | P5: 2 | Q5: 3 | R5: 2 | S5: 3 | T5: 3 | U5: 1 | V5: 3 | W5: 1 | X5: 3 | Y5: =INT(A5) | Z5: =IF(Y5<DATE(2025,3,6),1,IF(Y5<DATE(2025,3,13),2,3)) | AA5: =COUNTBLANK(B5:X5) | AB5: =B5&"|"&C5&"|"&D5&"|"&E5&"|"&F5&"|"&G5&"|"&H5&"|"&I5&"|"&J5&"|"&K5&"|"&L5&"|"&M5&"|"&N5&"|"&O5&"|"&P5&"|"&Q5&"|"&R5&"|"&S5&"|"&T5&"|"&U5&"|"&V5&"|"&W5&"|"&X5 | AC5: =IF(COUNTIF($AB$2:AB5,AB5)>1,1,0) | AD5: =STDEV(F5:X5) | AE5: =IF(OR(AA5>=8,AC5=1,AD5=0),0,1) | AF5: =IF(AE5=1,"",IF(AC5=1,"Trùng",IF(AA5>=8,"Bỏ trống "&AA5&" ô","Chọn cùng một mức"))) | AG5: =IF($AE5=1,AVERAGE(F5:I5),"") | AH5: =IF($AE5=1,AVERAGE(J5:M5),"") | AI5: =IF($AE5=1,AVERAGE(N5:Q5),"") | AJ5: =IF($AE5=1,AVERAGE(R5:U5),"") | AK5: =IF($AE5=1,AVERAGE(V5:X5),"")
A6: 45719.826 | B6: 2 | C6: 4 | D6: 3 | E6: 2 | F6: 3 | G6: 4 | H6: 3 | I6: 4 | J6: 4 | K6: 4 | L6: 5 | M6: 5 | N6: 4 | O6: 3 | P6: 3 | Q6: 3 | R6: 5 | S6: 3 | T6: 4 | U6: 4 | V6: 4 | W6: 5 | X6: 5 | Y6: =INT(A6) | Z6: =IF(Y6<DATE(2025,3,6),1,IF(Y6<DATE(2025,3,13),2,3)) | AA6: =COUNTBLANK(B6:X6) | AB6: =B6&"|"&C6&"|"&D6&"|"&E6&"|"&F6&"|"&G6&"|"&H6&"|"&I6&"|"&J6&"|"&K6&"|"&L6&"|"&M6&"|"&N6&"|"&O6&"|"&P6&"|"&Q6&"|"&R6&"|"&S6&"|"&T6&"|"&U6&"|"&V6&"|"&W6&"|"&X6 | AC6: =IF(COUNTIF($AB$2:AB6,AB6)>1,1,0) | AD6: =STDEV(F6:X6) | AE6: =IF(OR(AA6>=8,AC6=1,AD6=0),0,1) | AF6: =IF(AE6=1,"",IF(AC6=1,"Trùng",IF(AA6>=8,"Bỏ trống "&AA6&" ô","Chọn cùng một mức"))) | AG6: =IF($AE6=1,AVERAGE(F6:I6),"") | AH6: =IF($AE6=1,AVERAGE(J6:M6),"") | AI6: =IF($AE6=1,AVERAGE(N6:Q6),"") | AJ6: =IF($AE6=1,AVERAGE(R6:U6),"") | AK6: =IF($AE6=1,AVERAGE(V6:X6),"")
A7: 45720.096 | B7: 1 | C7: 3 | D7: 3 | E7: 2 | F7: 4 | G7: 4 | H7: 5 | I7: 3 | J7: 4 | K7: 4 | L7: 4 | M7: 4 | N7: 5 | O7: 5 | P7: 5 | Q7: 4 | R7: 4 | S7: 2 | T7: 4 | U7: 4 | V7: 4 | W7: 3 | X7: 4 | Y7: =INT(A7) | Z7: =IF(Y7<DATE(2025,3,6),1,IF(Y7<DATE(2025,3,13),2,3)) | AA7: =COUNTBLANK(B7:X7) | AB7: =B7&"|"&C7&"|"&D7&"|"&E7&"|"&F7&"|"&G7&"|"&H7&"|"&I7&"|"&J7&"|"&K7&"|"&L7&"|"&M7&"|"&N7&"|"&O7&"|"&P7&"|"&Q7&"|"&R7&"|"&S7&"|"&T7&"|"&U7&"|"&V7&"|"&W7&"|"&X7 | AC7: =IF(COUNTIF($AB$2:AB7,AB7)>1,1,0) | AD7: =STDEV(F7:X7) | AE7: =IF(OR(AA7>=8,AC7=1,AD7=0),0,1) | AF7: =IF(AE7=1,"",IF(AC7=1,"Trùng",IF(AA7>=8,"Bỏ trống "&AA7&" ô","Chọn cùng một mức"))) | AG7: =IF($AE7=1,AVERAGE(F7:I7),"") | AH7: =IF($AE7=1,AVERAGE(J7:M7),"") | AI7: =IF($AE7=1,AVERAGE(N7:Q7),"") | AJ7: =IF($AE7=1,AVERAGE(R7:U7),"") | AK7: =IF($AE7=1,AVERAGE(V7:X7),"")
A8: 45720.114 | B8: 1 | C8: 3 | D8: 1 | E8: 2 | F8: 3 | G8: 4 | H8: 4 | I8: 3 | J8: 4 | K8: 3 | L8: 3 | M8: 3 | N8: 4 | O8: 4 | P8: 3 | Q8: 3 | R8: 5 | S8: 5 | T8: 4 | U8: 4 | V8: 3 | W8: 3 | X8: 4 | Y8: =INT(A8) | Z8: =IF(Y8<DATE(2025,3,6),1,IF(Y8<DATE(2025,3,13),2,3)) | AA8: =COUNTBLANK(B8:X8) | AB8: =B8&"|"&C8&"|"&D8&"|"&E8&"|"&F8&"|"&G8&"|"&H8&"|"&I8&"|"&J8&"|"&K8&"|"&L8&"|"&M8&"|"&N8&"|"&O8&"|"&P8&"|"&Q8&"|"&R8&"|"&S8&"|"&T8&"|"&U8&"|"&V8&"|"&W8&"|"&X8 | AC8: =IF(COUNTIF($AB$2:AB8,AB8)>1,1,0) | AD8: =STDEV(F8:X8) | AE8: =IF(OR(AA8>=8,AC8=1,AD8=0),0,1) | AF8: =IF(AE8=1,"",IF(AC8=1,"Trùng",IF(AA8>=8,"Bỏ trống "&AA8&" ô","Chọn cùng một mức"))) | AG8: =IF($AE8=1,AVERAGE(F8:I8),"") | AH8: =IF($AE8=1,AVERAGE(J8:M8),"") | AI8: =IF($AE8=1,AVERAGE(N8:Q8),"") | AJ8: =IF($AE8=1,AVERAGE(R8:U8),"") | AK8: =IF($AE8=1,AVERAGE(V8:X8),"")
A9: 45720.183 | B9: 1 | C9: 2 | D9: 2 | E9: 1 | F9: 4 | G9: 3 | H9: 4 | I9: 5 | J9: 4 | K9: 4 | L9: 4 | M9: 5 | N9: 4 | O9: 4 | P9: 4 | Q9: 4 | R9: 2 | S9: 3 | T9: 4 | U9: 3 | V9: 3 | W9: 3 | X9: 3 | Y9: =INT(A9) | Z9: =IF(Y9<DATE(2025,3,6),1,IF(Y9<DATE(2025,3,13),2,3)) | AA9: =COUNTBLANK(B9:X9) | AB9: =B9&"|"&C9&"|"&D9&"|"&E9&"|"&F9&"|"&G9&"|"&H9&"|"&I9&"|"&J9&"|"&K9&"|"&L9&"|"&M9&"|"&N9&"|"&O9&"|"&P9&"|"&Q9&"|"&R9&"|"&S9&"|"&T9&"|"&U9&"|"&V9&"|"&W9&"|"&X9 | AC9: =IF(COUNTIF($AB$2:AB9,AB9)>1,1,0) | AD9: =STDEV(F9:X9) | AE9: =IF(OR(AA9>=8,AC9=1,AD9=0),0,1) | AF9: =IF(AE9=1,"",IF(AC9=1,"Trùng",IF(AA9>=8,"Bỏ trống "&AA9&" ô","Chọn cùng một mức"))) | AG9: =IF($AE9=1,AVERAGE(F9:I9),"") | AH9: =IF($AE9=1,AVERAGE(J9:M9),"") | AI9: =IF($AE9=1,AVERAGE(N9:Q9),"") | AJ9: =IF($AE9=1,AVERAGE(R9:U9),"") | AK9: =IF($AE9=1,AVERAGE(V9:X9),"")
A10: 45720.184 | B10: 1 | C10: 2 | D10: 2 | E10: 1 | F10: 4 | G10: 3 | H10: 4 | I10: 5 | J10: 4 | K10: 4 | L10: 4 | M10: 5 | N10: 4 | O10: 4 | P10: 4 | Q10: 4 | R10: 2 | S10: 3 | T10: 4 | U10: 3 | V10: 3 | W10: 3 | X10: 3 | Y10: =INT(A10) | Z10: =IF(Y10<DATE(2025,3,6),1,IF(Y10<DATE(2025,3,13),2,3)) | AA10: =COUNTBLANK(B10:X10) | AB10: =B10&"|"&C10&"|"&D10&"|"&E10&"|"&F10&"|"&G10&"|"&H10&"|"&I10&"|"&J10&"|"&K10&"|"&L10&"|"&M10&"|"&N10&"|"&O10&"|"&P10&"|"&Q10&"|"&R10&"|"&S10&"|"&T10&"|"&U10&"|"&V10&"|"&W10&"|"&X10 | AC10: =IF(COUNTIF($AB$2:AB10,AB10)>1,1,0) | AD10: =STDEV(F10:X10) | AE10: =IF(OR(AA10>=8,AC10=1,AD10=0),0,1) | AF10: =IF(AE10=1,"",IF(AC10=1,"Trùng",IF(AA10>=8,"Bỏ trống "&AA10&" ô","Chọn cùng một mức"))) | AG10: =IF($AE10=1,AVERAGE(F10:I10),"") | AH10: =IF($AE10=1,AVERAGE(J10:M10),"") | AI10: =IF($AE10=1,AVERAGE(N10:Q10),"") | AJ10: =IF($AE10=1,AVERAGE(R10:U10),"") | AK10: =IF($AE10=1,AVERAGE(V10:X10),"")
A11: 45720.196 | B11: 1 | C11: 4 | D11: 1 | E11: 2 | F11: 4 | G11: 5 | H11: 4 | I11: 4 | J11: 3 | K11: 3 | L11: 4 | M11: 5 | N11: 3 | O11: 4 | P11: 3 | Q11: 3 | R11: 2 | S11: 2 | T11: 2 | U11: 2 | V11: 3 | W11: 2 | X11: 2 | Y11: =INT(A11) | Z11: =IF(Y11<DATE(2025,3,6),1,IF(Y11<DATE(2025,3,13),2,3)) | AA11: =COUNTBLANK(B11:X11) | AB11: =B11&"|"&C11&"|"&D11&"|"&E11&"|"&F11&"|"&G11&"|"&H11&"|"&I11&"|"&J11&"|"&K11&"|"&L11&"|"&M11&"|"&N11&"|"&O11&"|"&P11&"|"&Q11&"|"&R11&"|"&S11&"|"&T11&"|"&U11&"|"&V11&"|"&W11&"|"&X11 | AC11: =IF(COUNTIF($AB$2:AB11,AB11)>1,1,0) | AD11: =STDEV(F11:X11) | AE11: =IF(OR(AA11>=8,AC11=1,AD11=0),0,1) | AF11: =IF(AE11=1,"",IF(AC11=1,"Trùng",IF(AA11>=8,"Bỏ trống "&AA11&" ô","Chọn cùng một mức"))) | AG11: =IF($AE11=1,AVERAGE(F11:I11),"") | AH11: =IF($AE11=1,AVERAGE(J11:M11),"") | AI11: =IF($AE11=1,AVERAGE(N11:Q11),"") | AJ11: =IF($AE11=1,AVERAGE(R11:U11),"") | AK11: =IF($AE11=1,AVERAGE(V11:X11),"")
A12: 45720.239 | B12: 1 | C12: 3 | D12: 2 | E12: 3 | F12: 5 | G12: 5 | H12: 4 | I12: 5 | J12: 5 | K12: 5 | L12: 5 | M12: 5 | N12: 3 | O12: 3 | P12: 4 | Q12: 3 | R12: 4 | S12: 3 | T12: 5 | U12: 5 | V12: 4 | W12: 4 | X12: 4 | Y12: =INT(A12) | Z12: =IF(Y12<DATE(2025,3,6),1,IF(Y12<DATE(2025,3,13),2,3)) | AA12: =COUNTBLANK(B12:X12) | AB12: =B12&"|"&C12&"|"&D12&"|"&E12&"|"&F12&"|"&G12&"|"&H12&"|"&I12&"|"&J12&"|"&K12&"|"&L12&"|"&M12&"|"&N12&"|"&O12&"|"&P12&"|"&Q12&"|"&R12&"|"&S12&"|"&T12&"|"&U12&"|"&V12&"|"&W12&"|"&X12 | AC12: =IF(COUNTIF($AB$2:AB12,AB12)>1,1,0) | AD12: =STDEV(F12:X12) | AE12: =IF(OR(AA12>=8,AC12=1,AD12=0),0,1) | AF12: =IF(AE12=1,"",IF(AC12=1,"Trùng",IF(AA12>=8,"Bỏ trống "&AA12&" ô","Chọn cùng một mức"))) | AG12: =IF($AE12=1,AVERAGE(F12:I12),"") | AH12: =IF($AE12=1,AVERAGE(J12:M12),"") | AI12: =IF($AE12=1,AVERAGE(N12:Q12),"") | AJ12: =IF($AE12=1,AVERAGE(R12:U12),"") | AK12: =IF($AE12=1,AVERAGE(V12:X12),"")
A13: 45720.452 | B13: 2 | C13: 2 | D13: 2 | E13: 2 | F13: 5 | G13: 5 | H13: 4 | I13: 4 | J13: 5 | K13: 5 | L13: 4 | M13: 5 | N13: 3 | O13: 3 | P13: 3 | Q13: 3 | R13: 4 | S13: 4 | T13: 3 | U13: 4 | V13: 4 | W13: 4 | X13: 4 | Y13: =INT(A13) | Z13: =IF(Y13<DATE(2025,3,6),1,IF(Y13<DATE(2025,3,13),2,3)) | AA13: =COUNTBLANK(B13:X13) | AB13: =B13&"|"&C13&"|"&D13&"|"&E13&"|"&F13&"|"&G13&"|"&H13&"|"&I13&"|"&J13&"|"&K13&"|"&L13&"|"&M13&"|"&N13&"|"&O13&"|"&P13&"|"&Q13&"|"&R13&"|"&S13&"|"&T13&"|"&U13&"|"&V13&"|"&W13&"|"&X13 | AC13: =IF(COUNTIF($AB$2:AB13,AB13)>1,1,0) | AD13: =STDEV(F13:X13) | AE13: =IF(OR(AA13>=8,AC13=1,AD13=0),0,1) | AF13: =IF(AE13=1,"",IF(AC13=1,"Trùng",IF(AA13>=8,"Bỏ trống "&AA13&" ô","Chọn cùng một mức"))) | AG13: =IF($AE13=1,AVERAGE(F13:I13),"") | AH13: =IF($AE13=1,AVERAGE(J13:M13),"") | AI13: =IF($AE13=1,AVERAGE(N13:Q13),"") | AJ13: =IF($AE13=1,AVERAGE(R13:U13),"") | AK13: =IF($AE13=1,AVERAGE(V13:X13),"")
A14: 45720.562 | B14: 2 | C14: 4 | D14: 2 | E14: 1 | F14: 5 | G14: 5 | H14: 4 | I14: 5 | J14: 5 | K14: 5 | L14: 5 | M14: 5 | N14: 4 | O14: 4 | P14: 4 | Q14: 3 | R14: 4 | S14: 5 | T14: 4 | U14: 4 | V14: 4 | W14: 5 | X14: 4 | Y14: =INT(A14) | Z14: =IF(Y14<DATE(2025,3,6),1,IF(Y14<DATE(2025,3,13),2,3)) | AA14: =COUNTBLANK(B14:X14) | AB14: =B14&"|"&C14&"|"&D14&"|"&E14&"|"&F14&"|"&G14&"|"&H14&"|"&I14&"|"&J14&"|"&K14&"|"&L14&"|"&M14&"|"&N14&"|"&O14&"|"&P14&"|"&Q14&"|"&R14&"|"&S14&"|"&T14&"|"&U14&"|"&V14&"|"&W14&"|"&X14 | AC14: =IF(COUNTIF($AB$2:AB14,AB14)>1,1,0) | AD14: =STDEV(F14:X14) | AE14: =IF(OR(AA14>=8,AC14=1,AD14=0),0,1) | AF14: =IF(AE14=1,"",IF(AC14=1,"Trùng",IF(AA14>=8,"Bỏ trống "&AA14&" ô","Chọn cùng một mức"))) | AG14: =IF($AE14=1,AVERAGE(F14:I14),"") | AH14: =IF($AE14=1,AVERAGE(J14:M14),"") | AI14: =IF($AE14=1,AVERAGE(N14:Q14),"") | AJ14: =IF($AE14=1,AVERAGE(R14:U14),"") | AK14: =IF($AE14=1,AVERAGE(V14:X14),"")
A15: 45720.702 | B15: 3 | C15: 5 | D15: 5 | E15: 4 | G15: 4 | H15: 3 | J15: 3 | K15: 3 | M15: 3 | N15: 5 | S15: 1 | U15: 1 | V15: 2 | X15: 5 | Y15: =INT(A15) | Z15: =IF(Y15<DATE(2025,3,6),1,IF(Y15<DATE(2025,3,13),2,3)) | AA15: =COUNTBLANK(B15:X15) | AB15: =B15&"|"&C15&"|"&D15&"|"&E15&"|"&F15&"|"&G15&"|"&H15&"|"&I15&"|"&J15&"|"&K15&"|"&L15&"|"&M15&"|"&N15&"|"&O15&"|"&P15&"|"&Q15&"|"&R15&"|"&S15&"|"&T15&"|"&U15&"|"&V15&"|"&W15&"|"&X15 | AC15: =IF(COUNTIF($AB$2:AB15,AB15)>1,1,0) | AD15: =STDEV(F15:X15) | AE15: =IF(OR(AA15>=8,AC15=1,AD15=0),0,1) | AF15: =IF(AE15=1,"",IF(AC15=1,"Trùng",IF(AA15>=8,"Bỏ trống "&AA15&" ô","Chọn cùng một mức"))) | AG15: =IF($AE15=1,AVERAGE(F15:I15),"") | AH15: =IF($AE15=1,AVERAGE(J15:M15),"") | AI15: =IF($AE15=1,AVERAGE(N15:Q15),"") | AJ15: =IF($AE15=1,AVERAGE(R15:U15),"") | AK15: =IF($AE15=1,AVERAGE(V15:X15),"")
A16: 45720.728 | B16: 1 | C16: 1 | D16: 1 | E16: 2 | F16: 5 | G16: 5 | H16: 4 | I16: 5 | J16: 5 | K16: 4 | L16: 3 | M16: 4 | N16: 4 | O16: 4 | P16: 5 | Q16: 5 | R16: 5 | S16: 5 | T16: 5 | U16: 5 | V16: 5 | W16: 5 | X16: 4 | Y16: =INT(A16) | Z16: =IF(Y16<DATE(2025,3,6),1,IF(Y16<DATE(2025,3,13),2,3)) | AA16: =COUNTBLANK(B16:X16) | AB16: =B16&"|"&C16&"|"&D16&"|"&E16&"|"&F16&"|"&G16&"|"&H16&"|"&I16&"|"&J16&"|"&K16&"|"&L16&"|"&M16&"|"&N16&"|"&O16&"|"&P16&"|"&Q16&"|"&R16&"|"&S16&"|"&T16&"|"&U16&"|"&V16&"|"&W16&"|"&X16 | AC16: =IF(COUNTIF($AB$2:AB16,AB16)>1,1,0) | AD16: =STDEV(F16:X16) | AE16: =IF(OR(AA16>=8,AC16=1,AD16=0),0,1) | AF16: =IF(AE16=1,"",IF(AC16=1,"Trùng",IF(AA16>=8,"Bỏ trống "&AA16&" ô","Chọn cùng một mức"))) | AG16: =IF($AE16=1,AVERAGE(F16:I16),"") | AH16: =IF($AE16=1,AVERAGE(J16:M16),"") | AI16: =IF($AE16=1,AVERAGE(N16:Q16),"") | AJ16: =IF($AE16=1,AVERAGE(R16:U16),"") | AK16: =IF($AE16=1,AVERAGE(V16:X16),"")
A17: 45720.838 | B17: 2 | C17: 1 | D17: 2 | E17: 2 | F17: 3 | G17: 3 | H17: 3 | I17: 3 | J17: 3 | K17: 3 | L17: 3 | M17: 3 | N17: 3 | O17: 4 | P17: 3 | Q17: 5 | R17: 4 | S17: 4 | T17: 4 | U17: 3 | V17: 3 | W17: 4 | X17: 2 | Y17: =INT(A17) | Z17: =IF(Y17<DATE(2025,3,6),1,IF(Y17<DATE(2025,3,13),2,3)) | AA17: =COUNTBLANK(B17:X17) | AB17: =B17&"|"&C17&"|"&D17&"|"&E17&"|"&F17&"|"&G17&"|"&H17&"|"&I17&"|"&J17&"|"&K17&"|"&L17&"|"&M17&"|"&N17&"|"&O17&"|"&P17&"|"&Q17&"|"&R17&"|"&S17&"|"&T17&"|"&U17&"|"&V17&"|"&W17&"|"&X17 | AC17: =IF(COUNTIF($AB$2:AB17,AB17)>1,1,0) | AD17: =STDEV(F17:X17) | AE17: =IF(OR(AA17>=8,AC17=1,AD17=0),0,1) | AF17: =IF(AE17=1,"",IF(AC17=1,"Trùng",IF(AA17>=8,"Bỏ trống "&AA17&" ô","Chọn cùng một mức"))) | AG17: =IF($AE17=1,AVERAGE(F17:I17),"") | AH17: =IF($AE17=1,AVERAGE(J17:M17),"") | AI17: =IF($AE17=1,AVERAGE(N17:Q17),"") | AJ17: =IF($AE17=1,AVERAGE(R17:U17),"") | AK17: =IF($AE17=1,AVERAGE(V17:X17),"")
A18: 45720.856 | B18: 1 | C18: 4 | D18: 2 | E18: 3 | F18: 5 | G18: 4 | H18: 3 | I18: 4 | J18: 3 | K18: 4 | L18: 4 | M18: 3 | N18: 5 | O18: 4 | P18: 5 | Q18: 4 | R18: 5 | S18: 3 | T18: 5 | U18: 4 | V18: 5 | W18: 5 | X18: 4 | Y18: =INT(A18) | Z18: =IF(Y18<DATE(2025,3,6),1,IF(Y18<DATE(2025,3,13),2,3)) | AA18: =COUNTBLANK(B18:X18) | AB18: =B18&"|"&C18&"|"&D18&"|"&E18&"|"&F18&"|"&G18&"|"&H18&"|"&I18&"|"&J18&"|"&K18&"|"&L18&"|"&M18&"|"&N18&"|"&O18&"|"&P18&"|"&Q18&"|"&R18&"|"&S18&"|"&T18&"|"&U18&"|"&V18&"|"&W18&"|"&X18 | AC18: =IF(COUNTIF($AB$2:AB18,AB18)>1,1,0) | AD18: =STDEV(F18:X18) | AE18: =IF(OR(AA18>=8,AC18=1,AD18=0),0,1) | AF18: =IF(AE18=1,"",IF(AC18=1,"Trùng",IF(AA18>=8,"Bỏ trống "&AA18&" ô","Chọn cùng một mức"))) | AG18: =IF($AE18=1,AVERAGE(F18:I18),"") | AH18: =IF($AE18=1,AVERAGE(J18:M18),"") | AI18: =IF($AE18=1,AVERAGE(N18:Q18),"") | AJ18: =IF($AE18=1,AVERAGE(R18:U18),"") | AK18: =IF($AE18=1,AVERAGE(V18:X18),"")
A19: 45721.029 | B19: 2 | C19: 1 | D19: 2 | E19: 2 | F19: 5 | G19: 5 | H19: 5 | I19: 5 | J19: 3 | K19: 4 | L19: 4 | M19: 4 | N19: 4 | O19: 4 | P19: 5 | Q19: 5 | R19: 5 | S19: 4 | T19: 5 | U19: 4 | V19: 5 | W19: 5 | X19: 4 | Y19: =INT(A19) | Z19: =IF(Y19<DATE(2025,3,6),1,IF(Y19<DATE(2025,3,13),2,3)) | AA19: =COUNTBLANK(B19:X19) | AB19: =B19&"|"&C19&"|"&D19&"|"&E19&"|"&F19&"|"&G19&"|"&H19&"|"&I19&"|"&J19&"|"&K19&"|"&L19&"|"&M19&"|"&N19&"|"&O19&"|"&P19&"|"&Q19&"|"&R19&"|"&S19&"|"&T19&"|"&U19&"|"&V19&"|"&W19&"|"&X19 | AC19: =IF(COUNTIF($AB$2:AB19,AB19)>1,1,0) | AD19: =STDEV(F19:X19) | AE19: =IF(OR(AA19>=8,AC19=1,AD19=0),0,1) | AF19: =IF(AE19=1,"",IF(AC19=1,"Trùng",IF(AA19>=8,"Bỏ trống "&AA19&" ô","Chọn cùng một mức"))) | AG19: =IF($AE19=1,AVERAGE(F19:I19),"") | AH19: =IF($AE19=1,AVERAGE(J19:M19),"") | AI19: =IF($AE19=1,AVERAGE(N19:Q19),"") | AJ19: =IF($AE19=1,AVERAGE(R19:U19),"") | AK19: =IF($AE19=1,AVERAGE(V19:X19),"")
A20: 45721.031 | B20: 2 | C20: 1 | D20: 2 | E20: 1 | F20: 3 | G20: 3 | H20: 3 | I20: 5 | J20: 5 | K20: 5 | L20: 4 | M20: 3 | N20: 4 | O20: 3 | P20: 3 | Q20: 4 | R20: 3 | S20: 1 | T20: 3 | U20: 2 | V20: 3 | W20: 4 | X20: 5 | Y20: =INT(A20) | Z20: =IF(Y20<DATE(2025,3,6),1,IF(Y20<DATE(2025,3,13),2,3)) | AA20: =COUNTBLANK(B20:X20) | AB20: =B20&"|"&C20&"|"&D20&"|"&E20&"|"&F20&"|"&G20&"|"&H20&"|"&I20&"|"&J20&"|"&K20&"|"&L20&"|"&M20&"|"&N20&"|"&O20&"|"&P20&"|"&Q20&"|"&R20&"|"&S20&"|"&T20&"|"&U20&"|"&V20&"|"&W20&"|"&X20 | AC20: =IF(COUNTIF($AB$2:AB20,AB20)>1,1,0) | AD20: =STDEV(F20:X20) | AE20: =IF(OR(AA20>=8,AC20=1,AD20=0),0,1) | AF20: =IF(AE20=1,"",IF(AC20=1,"Trùng",IF(AA20>=8,"Bỏ trống "&AA20&" ô","Chọn cùng một mức"))) | AG20: =IF($AE20=1,AVERAGE(F20:I20),"") | AH20: =IF($AE20=1,AVERAGE(J20:M20),"") | AI20: =IF($AE20=1,AVERAGE(N20:Q20),"") | AJ20: =IF($AE20=1,AVERAGE(R20:U20),"") | AK20: =IF($AE20=1,AVERAGE(V20:X20),"")
A21: 45721.126 | B21: 2 | C21: 2 | D21: 2 | E21: 3 | F21: 3 | G21: 2 | H21: 3 | I21: 3 | J21: 4 | K21: 2 | L21: 3 | M21: 3 | N21: 3 | O21: 3 | P21: 2 | Q21: 3 | R21: 3 | S21: 3 | T21: 2 | U21: 3 | V21: 3 | W21: 3 | X21: 2 | Y21: =INT(A21) | Z21: =IF(Y21<DATE(2025,3,6),1,IF(Y21<DATE(2025,3,13),2,3)) | AA21: =COUNTBLANK(B21:X21) | AB21: =B21&"|"&C21&"|"&D21&"|"&E21&"|"&F21&"|"&G21&"|"&H21&"|"&I21&"|"&J21&"|"&K21&"|"&L21&"|"&M21&"|"&N21&"|"&O21&"|"&P21&"|"&Q21&"|"&R21&"|"&S21&"|"&T21&"|"&U21&"|"&V21&"|"&W21&"|"&X21 | AC21: =IF(COUNTIF($AB$2:AB21,AB21)>1,1,0) | AD21: =STDEV(F21:X21) | AE21: =IF(OR(AA21>=8,AC21=1,AD21=0),0,1) | AF21: =IF(AE21=1,"",IF(AC21=1,"Trùng",IF(AA21>=8,"Bỏ trống "&AA21&" ô","Chọn cùng một mức"))) | AG21: =IF($AE21=1,AVERAGE(F21:I21),"") | AH21: =IF($AE21=1,AVERAGE(J21:M21),"") | AI21: =IF($AE21=1,AVERAGE(N21:Q21),"") | AJ21: =IF($AE21=1,AVERAGE(R21:U21),"") | AK21: =IF($AE21=1,AVERAGE(V21:X21),"")
A22: 45721.385 | B22: 2 | C22: 3 | D22: 1 | E22: 2 | F22: 3 | G22: 3 | H22: 4 | I22: 4 | J22: 3 | K22: 3 | L22: 3 | M22: 3 | N22: 4 | O22: 4 | P22: 4 | Q22: 4 | R22: 4 | S22: 3 | T22: 3 | U22: 4 | V22: 4 | W22: 3 | X22: 3 | Y22: =INT(A22) | Z22: =IF(Y22<DATE(2025,3,6),1,IF(Y22<DATE(2025,3,13),2,3)) | AA22: =COUNTBLANK(B22:X22) | AB22: =B22&"|"&C22&"|"&D22&"|"&E22&"|"&F22&"|"&G22&"|"&H22&"|"&I22&"|"&J22&"|"&K22&"|"&L22&"|"&M22&"|"&N22&"|"&O22&"|"&P22&"|"&Q22&"|"&R22&"|"&S22&"|"&T22&"|"&U22&"|"&V22&"|"&W22&"|"&X22 | AC22: =IF(COUNTIF($AB$2:AB22,AB22)>1,1,0) | AD22: =STDEV(F22:X22) | AE22: =IF(OR(AA22>=8,AC22=1,AD22=0),0,1) | AF22: =IF(AE22=1,"",IF(AC22=1,"Trùng",IF(AA22>=8,"Bỏ trống "&AA22&" ô","Chọn cùng một mức"))) | AG22: =IF($AE22=1,AVERAGE(F22:I22),"") | AH22: =IF($AE22=1,AVERAGE(J22:M22),"") | AI22: =IF($AE22=1,AVERAGE(N22:Q22),"") | AJ22: =IF($AE22=1,AVERAGE(R22:U22),"") | AK22: =IF($AE22=1,AVERAGE(V22:X22),"")
A23: 45721.469 | B23: 1 | C23: 2 | D23: 2 | E23: 2 | F23: 5 | G23: 4 | H23: 4 | I23: 4 | J23: 4 | K23: 4 | L23: 4 | M23: 3 | N23: 3 | O23: 4 | P23: 3 | Q23: 3 | R23: 3 | S23: 4 | T23: 4 | U23: 3 | V23: 4 | W23: 5 | X23: 4 | Y23: =INT(A23) | Z23: =IF(Y23<DATE(2025,3,6),1,IF(Y23<DATE(2025,3,13),2,3)) | AA23: =COUNTBLANK(B23:X23) | AB23: =B23&"|"&C23&"|"&D23&"|"&E23&"|"&F23&"|"&G23&"|"&H23&"|"&I23&"|"&J23&"|"&K23&"|"&L23&"|"&M23&"|"&N23&"|"&O23&"|"&P23&"|"&Q23&"|"&R23&"|"&S23&"|"&T23&"|"&U23&"|"&V23&"|"&W23&"|"&X23 | AC23: =IF(COUNTIF($AB$2:AB23,AB23)>1,1,0) | AD23: =STDEV(F23:X23) | AE23: =IF(OR(AA23>=8,AC23=1,AD23=0),0,1) | AF23: =IF(AE23=1,"",IF(AC23=1,"Trùng",IF(AA23>=8,"Bỏ trống "&AA23&" ô","Chọn cùng một mức"))) | AG23: =IF($AE23=1,AVERAGE(F23:I23),"") | AH23: =IF($AE23=1,AVERAGE(J23:M23),"") | AI23: =IF($AE23=1,AVERAGE(N23:Q23),"") | AJ23: =IF($AE23=1,AVERAGE(R23:U23),"") | AK23: =IF($AE23=1,AVERAGE(V23:X23),"")
A24: 45721.482 | B24: 1 | C24: 2 | D24: 3 | E24: 1 | F24: 3 | G24: 3 | H24: 3 | I24: 3 | J24: 4 | K24: 4 | L24: 4 | M24: 3 | N24: 4 | O24: 5 | P24: 2 | Q24: 4 | R24: 4 | S24: 4 | T24: 4 | U24: 4 | V24: 4 | W24: 4 | X24: 5 | Y24: =INT(A24) | Z24: =IF(Y24<DATE(2025,3,6),1,IF(Y24<DATE(2025,3,13),2,3)) | AA24: =COUNTBLANK(B24:X24) | AB24: =B24&"|"&C24&"|"&D24&"|"&E24&"|"&F24&"|"&G24&"|"&H24&"|"&I24&"|"&J24&"|"&K24&"|"&L24&"|"&M24&"|"&N24&"|"&O24&"|"&P24&"|"&Q24&"|"&R24&"|"&S24&"|"&T24&"|"&U24&"|"&V24&"|"&W24&"|"&X24 | AC24: =IF(COUNTIF($AB$2:AB24,AB24)>1,1,0) | AD24: =STDEV(F24:X24) | AE24: =IF(OR(AA24>=8,AC24=1,AD24=0),0,1) | AF24: =IF(AE24=1,"",IF(AC24=1,"Trùng",IF(AA24>=8,"Bỏ trống "&AA24&" ô","Chọn cùng một mức"))) | AG24: =IF($AE24=1,AVERAGE(F24:I24),"") | AH24: =IF($AE24=1,AVERAGE(J24:M24),"") | AI24: =IF($AE24=1,AVERAGE(N24:Q24),"") | AJ24: =IF($AE24=1,AVERAGE(R24:U24),"") | AK24: =IF($AE24=1,AVERAGE(V24:X24),"")
A25: 45721.487 | B25: 1 | C25: 3 | D25: 1 | E25: 1 | F25: 5 | G25: 5 | H25: 4 | I25: 5 | J25: 4 | K25: 5 | L25: 4 | M25: 4 | N25: 5 | O25: 3 | P25: 4 | Q25: 5 | R25: 3 | S25: 3 | T25: 3 | U25: 4 | V25: 4 | W25: 5 | X25: 5 | Y25: =INT(A25) | Z25: =IF(Y25<DATE(2025,3,6),1,IF(Y25<DATE(2025,3,13),2,3)) | AA25: =COUNTBLANK(B25:X25) | AB25: =B25&"|"&C25&"|"&D25&"|"&E25&"|"&F25&"|"&G25&"|"&H25&"|"&I25&"|"&J25&"|"&K25&"|"&L25&"|"&M25&"|"&N25&"|"&O25&"|"&P25&"|"&Q25&"|"&R25&"|"&S25&"|"&T25&"|"&U25&"|"&V25&"|"&W25&"|"&X25 | AC25: =IF(COUNTIF($AB$2:AB25,AB25)>1,1,0) | AD25: =STDEV(F25:X25) | AE25: =IF(OR(AA25>=8,AC25=1,AD25=0),0,1) | AF25: =IF(AE25=1,"",IF(AC25=1,"Trùng",IF(AA25>=8,"Bỏ trống "&AA25&" ô","Chọn cùng một mức"))) | AG25: =IF($AE25=1,AVERAGE(F25:I25),"") | AH25: =IF($AE25=1,AVERAGE(J25:M25),"") | AI25: =IF($AE25=1,AVERAGE(N25:Q25),"") | AJ25: =IF($AE25=1,AVERAGE(R25:U25),"") | AK25: =IF($AE25=1,AVERAGE(V25:X25),"")
A26: 45721.567 | B26: 1 | C26: 3 | D26: 1 | E26: 2 | F26: 4 | G26: 4 | H26: 4 | I26: 3 | J26: 2 | K26: 3 | L26: 4 | M26: 4 | N26: 3 | O26: 4 | P26: 4 | Q26: 4 | R26: 4 | S26: 5 | T26: 4 | U26: 4 | V26: 4 | W26: 5 | X26: 4 | Y26: =INT(A26) | Z26: =IF(Y26<DATE(2025,3,6),1,IF(Y26<DATE(2025,3,13),2,3)) | AA26: =COUNTBLANK(B26:X26) | AB26: =B26&"|"&C26&"|"&D26&"|"&E26&"|"&F26&"|"&G26&"|"&H26&"|"&I26&"|"&J26&"|"&K26&"|"&L26&"|"&M26&"|"&N26&"|"&O26&"|"&P26&"|"&Q26&"|"&R26&"|"&S26&"|"&T26&"|"&U26&"|"&V26&"|"&W26&"|"&X26 | AC26: =IF(COUNTIF($AB$2:AB26,AB26)>1,1,0) | AD26: =STDEV(F26:X26) | AE26: =IF(OR(AA26>=8,AC26=1,AD26=0),0,1) | AF26: =IF(AE26=1,"",IF(AC26=1,"Trùng",IF(AA26>=8,"Bỏ trống "&AA26&" ô","Chọn cùng một mức"))) | AG26: =IF($AE26=1,AVERAGE(F26:I26),"") | AH26: =IF($AE26=1,AVERAGE(J26:M26),"") | AI26: =IF($AE26=1,AVERAGE(N26:Q26),"") | AJ26: =IF($AE26=1,AVERAGE(R26:U26),"") | AK26: =IF($AE26=1,AVERAGE(V26:X26),"")
A27: 45721.597 | B27: 2 | C27: 1 | D27: 1 | E27: 1 | F27: 5 | G27: 5 | H27: 5 | I27: 5 | J27: 5 | K27: 4 | L27: 5 | M27: 5 | N27: 4 | O27: 4 | P27: 3 | Q27: 3 | R27: 2 | S27: 4 | T27: 4 | U27: 4 | V27: 5 | W27: 5 | X27: 5 | Y27: =INT(A27) | Z27: =IF(Y27<DATE(2025,3,6),1,IF(Y27<DATE(2025,3,13),2,3)) | AA27: =COUNTBLANK(B27:X27) | AB27: =B27&"|"&C27&"|"&D27&"|"&E27&"|"&F27&"|"&G27&"|"&H27&"|"&I27&"|"&J27&"|"&K27&"|"&L27&"|"&M27&"|"&N27&"|"&O27&"|"&P27&"|"&Q27&"|"&R27&"|"&S27&"|"&T27&"|"&U27&"|"&V27&"|"&W27&"|"&X27 | AC27: =IF(COUNTIF($AB$2:AB27,AB27)>1,1,0) | AD27: =STDEV(F27:X27) | AE27: =IF(OR(AA27>=8,AC27=1,AD27=0),0,1) | AF27: =IF(AE27=1,"",IF(AC27=1,"Trùng",IF(AA27>=8,"Bỏ trống "&AA27&" ô","Chọn cùng một mức"))) | AG27: =IF($AE27=1,AVERAGE(F27:I27),"") | AH27: =IF($AE27=1,AVERAGE(J27:M27),"") | AI27: =IF($AE27=1,AVERAGE(N27:Q27),"") | AJ27: =IF($AE27=1,AVERAGE(R27:U27),"") | AK27: =IF($AE27=1,AVERAGE(V27:X27),"")
... A29: 45721.755 | B29: 1 | C29: 2 | D29: 1 | E29: 1 | F29: 4 | G29: 3 | H29: 3 | I29: 4 | J29: 4 | K29: 3 | L29: 3 | M29: 3 | N29: 4 | O29: 4 | P29: 4 | Q29: 4 | R29: 4 | S29: 3 | T29: 4 | U29: 3 | V29: 5 | W29: 4 | X29: 4 | Y29: =INT(A29) | Z29: =IF(Y29<DATE(2025,3,6),1,IF(Y29<DATE(2025,3,13),2,3)) | AA29: =COUNTBLANK(B29:X29) | AB29: =B29&"|"&C29&"|"&D29&"|"&E29&"|"&F29&"|"&G29&"|"&H29&"|"&I29&"|"&J29&"|"&K29&"|"&L29&"|"&M29&"|"&N29&"|"&O29&"|"&P29&"|"&Q29&"|"&R29&"|"&S29&"|"&T29&"|"&U29&"|"&V29&"|"&W29&"|"&X29 | AC29: =IF(COUNTIF($AB$2:AB29,AB29)>1,1,0) | AD29: =STDEV(F29:X29) | AE29: =IF(OR(AA29>=8,AC29=1,AD29=0),0,1) | AF29: =IF(AE29=1,"",IF(AC29=1,"Trùng",IF(AA29>=8,"Bỏ trống "&AA29&" ô","Chọn cùng một mức"))) | AG29: =IF($AE29=1,AVERAGE(F29:I29),"") | AH29: =IF($AE29=1,AVERAGE(J29:M29),"") | AI29: =IF($AE29=1,AVERAGE(N29:Q29),"") | AJ29: =IF($AE29=1,AVERAGE(R29:U29),"") | AK29: =IF($AE29=1,AVERAGE(V29:X29),"")
A30: 45721.757 | B30: 1 | C30: 5 | D30: 1 | E30: 5 | G30: 5 | H30: 2 | K30: 4 | M30: 1 | P30: 3 | R30: 4 | S30: 4 | T30: 2 | V30: 2 | X30: 5 | Y30: =INT(A30) | Z30: =IF(Y30<DATE(2025,3,6),1,IF(Y30<DATE(2025,3,13),2,3)) | AA30: =COUNTBLANK(B30:X30) | AB30: =B30&"|"&C30&"|"&D30&"|"&E30&"|"&F30&"|"&G30&"|"&H30&"|"&I30&"|"&J30&"|"&K30&"|"&L30&"|"&M30&"|"&N30&"|"&O30&"|"&P30&"|"&Q30&"|"&R30&"|"&S30&"|"&T30&"|"&U30&"|"&V30&"|"&W30&"|"&X30 | AC30: =IF(COUNTIF($AB$2:AB30,AB30)>1,1,0) | AD30: =STDEV(F30:X30) | AE30: =IF(OR(AA30>=8,AC30=1,AD30=0),0,1) | AF30: =IF(AE30=1,"",IF(AC30=1,"Trùng",IF(AA30>=8,"Bỏ trống "&AA30&" ô","Chọn cùng một mức"))) | AG30: =IF($AE30=1,AVERAGE(F30:I30),"") | AH30: =IF($AE30=1,AVERAGE(J30:M30),"") | AI30: =IF($AE30=1,AVERAGE(N30:Q30),"") | AJ30: =IF($AE30=1,AVERAGE(R30:U30),"") | AK30: =IF($AE30=1,AVERAGE(V30:X30),"")
A31: 45721.89 | B31: 1 | C31: 5 | D31: 3 | E31: 1 | I31: 5 | K31: 4 | N31: 2 | Q31: 2 | Y31: =INT(A31) | Z31: =IF(Y31<DATE(2025,3,6),1,IF(Y31<DATE(2025,3,13),2,3)) | AA31: =COUNTBLANK(B31:X31) | AB31: =B31&"|"&C31&"|"&D31&"|"&E31&"|"&F31&"|"&G31&"|"&H31&"|"&I31&"|"&J31&"|"&K31&"|"&L31&"|"&M31&"|"&N31&"|"&O31&"|"&P31&"|"&Q31&"|"&R31&"|"&S31&"|"&T31&"|"&U31&"|"&V31&"|"&W31&"|"&X31 | AC31: =IF(COUNTIF($AB$2:AB31,AB31)>1,1,0) | AD31: =STDEV(F31:X31) | AE31: =IF(OR(AA31>=8,AC31=1,AD31=0),0,1) | AF31: =IF(AE31=1,"",IF(AC31=1,"Trùng",IF(AA31>=8,"Bỏ trống "&AA31&" ô","Chọn cùng một mức"))) | AG31: =IF($AE31=1,AVERAGE(F31:I31),"") | AH31: =IF($AE31=1,AVERAGE(J31:M31),"") | AI31: =IF($AE31=1,AVERAGE(N31:Q31),"") | AJ31: =IF($AE31=1,AVERAGE(R31:U31),"") | AK31: =IF($AE31=1,AVERAGE(V31:X31),"")
A32: 45722.01 | B32: 2 | C32: 4 | D32: 1 | E32: 3 | F32: 4 | G32: 5 | H32: 4 | I32: 4 | J32: 4 | K32: 4 | L32: 3 | M32: 4 | N32: 3 | O32: 2 | P32: 3 | Q32: 2 | R32: 4 | S32: 4 | T32: 3 | U32: 2 | V32: 3 | W32: 3 | X32: 2 | Y32: =INT(A32) | Z32: =IF(Y32<DATE(2025,3,6),1,IF(Y32<DATE(2025,3,13),2,3)) | AA32: =COUNTBLANK(B32:X32) | AB32: =B32&"|"&C32&"|"&D32&"|"&E32&"|"&F32&"|"&G32&"|"&H32&"|"&I32&"|"&J32&"|"&K32&"|"&L32&"|"&M32&"|"&N32&"|"&O32&"|"&P32&"|"&Q32&"|"&R32&"|"&S32&"|"&T32&"|"&U32&"|"&V32&"|"&W32&"|"&X32 | AC32: =IF(COUNTIF($AB$2:AB32,AB32)>1,1,0) | AD32: =STDEV(F32:X32) | AE32: =IF(OR(AA32>=8,AC32=1,AD32=0),0,1) | AF32: =IF(AE32=1,"",IF(AC32=1,"Trùng",IF(AA32>=8,"Bỏ trống "&AA32&" ô","Chọn cùng một mức"))) | AG32: =IF($AE32=1,AVERAGE(F32:I32),"") | AH32: =IF($AE32=1,AVERAGE(J32:M32),"") | AI32: =IF($AE32=1,AVERAGE(N32:Q32),"") | AJ32: =IF($AE32=1,AVERAGE(R32:U32),"") | AK32: =IF($AE32=1,AVERAGE(V32:X32),"")
A33: 45722.092 | B33: 1 | C33: 2 | D33: 3 | E33: 3 | F33: 4 | G33: 4 | H33: 3 | I33: 4 | J33: 2 | K33: 3 | L33: 1 | M33: 3 | N33: 3 | O33: 4 | P33: 4 | Q33: 4 | R33: 3 | S33: 3 | T33: 4 | U33: 3 | V33: 3 | W33: 3 | X33: 4 | Y33: =INT(A33) | Z33: =IF(Y33<DATE(2025,3,6),1,IF(Y33<DATE(2025,3,13),2,3)) | AA33: =COUNTBLANK(B33:X33) | AB33: =B33&"|"&C33&"|"&D33&"|"&E33&"|"&F33&"|"&G33&"|"&H33&"|"&I33&"|"&J33&"|"&K33&"|"&L33&"|"&M33&"|"&N33&"|"&O33&"|"&P33&"|"&Q33&"|"&R33&"|"&S33&"|"&T33&"|"&U33&"|"&V33&"|"&W33&"|"&X33 | AC33: =IF(COUNTIF($AB$2:AB33,AB33)>1,1,0) | AD33: =STDEV(F33:X33) | AE33: =IF(OR(AA33>=8,AC33=1,AD33=0),0,1) | AF33: =IF(AE33=1,"",IF(AC33=1,"Trùng",IF(AA33>=8,"Bỏ trống "&AA33&" ô","Chọn cùng một mức"))) | AG33: =IF($AE33=1,AVERAGE(F33:I33),"") | AH33: =IF($AE33=1,AVERAGE(J33:M33),"") | AI33: =IF($AE33=1,AVERAGE(N33:Q33),"") | AJ33: =IF($AE33=1,AVERAGE(R33:U33),"") | AK33: =IF($AE33=1,AVERAGE(V33:X33),"")
A34: 45722.122 | B34: 1 | C34: 2 | D34: 3 | E34: 2 | F34: 3 | G34: 4 | H34: 2 | I34: 3 | J34: 4 | K34: 4 | L34: 2 | M34: 3 | N34: 4 | O34: 2 | P34: 4 | Q34: 2 | R34: 2 | S34: 2 | T34: 2 | U34: 3 | V34: 3 | W34: 3 | X34: 2 | Y34: =INT(A34) | Z34: =IF(Y34<DATE(2025,3,6),1,IF(Y34<DATE(2025,3,13),2,3)) | AA34: =COUNTBLANK(B34:X34) | AB34: =B34&"|"&C34&"|"&D34&"|"&E34&"|"&F34&"|"&G34&"|"&H34&"|"&I34&"|"&J34&"|"&K34&"|"&L34&"|"&M34&"|"&N34&"|"&O34&"|"&P34&"|"&Q34&"|"&R34&"|"&S34&"|"&T34&"|"&U34&"|"&V34&"|"&W34&"|"&X34 | AC34: =IF(COUNTIF($AB$2:AB34,AB34)>1,1,0) | AD34: =STDEV(F34:X34) | AE34: =IF(OR(AA34>=8,AC34=1,AD34=0),0,1) | AF34: =IF(AE34=1,"",IF(AC34=1,"Trùng",IF(AA34>=8,"Bỏ trống "&AA34&" ô","Chọn cùng một mức"))) | AG34: =IF($AE34=1,AVERAGE(F34:I34),"") | AH34: =IF($AE34=1,AVERAGE(J34:M34),"") | AI34: =IF($AE34=1,AVERAGE(N34:Q34),"") | AJ34: =IF($AE34=1,AVERAGE(R34:U34),"") | AK34: =IF($AE34=1,AVERAGE(V34:X34),"")
A35: 45722.168 | B35: 1 | C35: 1 | D35: 1 | E35: 2 | F35: 4 | G35: 4 | H35: 4 | I35: 4 | J35: 4 | K35: 4 | L35: 2 | M35: 4 | N35: 2 | O35: 3 | P35: 3 | Q35: 1 | R35: 3 | S35: 4 | T35: 3 | U35: 4 | V35: 5 | W35: 5 | X35: 4 | Y35: =INT(A35) | Z35: =IF(Y35<DATE(2025,3,6),1,IF(Y35<DATE(2025,3,13),2,3)) | AA35: =COUNTBLANK(B35:X35) | AB35: =B35&"|"&C35&"|"&D35&"|"&E35&"|"&F35&"|"&G35&"|"&H35&"|"&I35&"|"&J35&"|"&K35&"|"&L35&"|"&M35&"|"&N35&"|"&O35&"|"&P35&"|"&Q35&"|"&R35&"|"&S35&"|"&T35&"|"&U35&"|"&V35&"|"&W35&"|"&X35 | AC35: =IF(COUNTIF($AB$2:AB35,AB35)>1,1,0) | AD35: =STDEV(F35:X35) | AE35: =IF(OR(AA35>=8,AC35=1,AD35=0),0,1) | AF35: =IF(AE35=1,"",IF(AC35=1,"Trùng",IF(AA35>=8,"Bỏ trống "&AA35&" ô","Chọn cùng một mức"))) | AG35: =IF($AE35=1,AVERAGE(F35:I35),"") | AH35: =IF($AE35=1,AVERAGE(J35:M35),"") | AI35: =IF($AE35=1,AVERAGE(N35:Q35),"") | AJ35: =IF($AE35=1,AVERAGE(R35:U35),"") | AK35: =IF($AE35=1,AVERAGE(V35:X35),"")
A36: 45722.222 | B36: 2 | C36: 3 | D36: 1 | E36: 3 | F36: 4 | G36: 3 | H36: 5 | I36: 4 | J36: 3 | K36: 3 | L36: 4 | M36: 3 | N36: 3 | O36: 4 | P36: 2 | Q36: 3 | R36: 4 | S36: 5 | T36: 5 | U36: 4 | V36: 3 | W36: 3 | X36: 4 | Y36: =INT(A36) | Z36: =IF(Y36<DATE(2025,3,6),1,IF(Y36<DATE(2025,3,13),2,3)) | AA36: =COUNTBLANK(B36:X36) | AB36: =B36&"|"&C36&"|"&D36&"|"&E36&"|"&F36&"|"&G36&"|"&H36&"|"&I36&"|"&J36&"|"&K36&"|"&L36&"|"&M36&"|"&N36&"|"&O36&"|"&P36&"|"&Q36&"|"&R36&"|"&S36&"|"&T36&"|"&U36&"|"&V36&"|"&W36&"|"&X36 | AC36: =IF(COUNTIF($AB$2:AB36,AB36)>1,1,0) | AD36: =STDEV(F36:X36) | AE36: =IF(OR(AA36>=8,AC36=1,AD36=0),0,1) | AF36: =IF(AE36=1,"",IF(AC36=1,"Trùng",IF(AA36>=8,"Bỏ trống "&AA36&" ô","Chọn cùng một mức"))) | AG36: =IF($AE36=1,AVERAGE(F36:I36),"") | AH36: =IF($AE36=1,AVERAGE(J36:M36),"") | AI36: =IF($AE36=1,AVERAGE(N36:Q36),"") | AJ36: =IF($AE36=1,AVERAGE(R36:U36),"") | AK36: =IF($AE36=1,AVERAGE(V36:X36),"")
A37: 45722.267 | B37: 1 | C37: 1 | D37: 1 | E37: 2 | F37: 4 | G37: 4 | H37: 4 | I37: 3 | J37: 3 | K37: 3 | L37: 4 | M37: 4 | N37: 4 | O37: 4 | P37: 3 | Q37: 4 | R37: 3 | S37: 3 | T37: 2 | U37: 3 | V37: 3 | W37: 4 | X37: 4 | Y37: =INT(A37) | Z37: =IF(Y37<DATE(2025,3,6),1,IF(Y37<DATE(2025,3,13),2,3)) | AA37: =COUNTBLANK(B37:X37) | AB37: =B37&"|"&C37&"|"&D37&"|"&E37&"|"&F37&"|"&G37&"|"&H37&"|"&I37&"|"&J37&"|"&K37&"|"&L37&"|"&M37&"|"&N37&"|"&O37&"|"&P37&"|"&Q37&"|"&R37&"|"&S37&"|"&T37&"|"&U37&"|"&V37&"|"&W37&"|"&X37 | AC37: =IF(COUNTIF($AB$2:AB37,AB37)>1,1,0) | AD37: =STDEV(F37:X37) | AE37: =IF(OR(AA37>=8,AC37=1,AD37=0),0,1) | AF37: =IF(AE37=1,"",IF(AC37=1,"Trùng",IF(AA37>=8,"Bỏ trống "&AA37&" ô","Chọn cùng một mức"))) | AG37: =IF($AE37=1,AVERAGE(F37:I37),"") | AH37: =IF($AE37=1,AVERAGE(J37:M37),"") | AI37: =IF($AE37=1,AVERAGE(N37:Q37),"") | AJ37: =IF($AE37=1,AVERAGE(R37:U37),"") | AK37: =IF($AE37=1,AVERAGE(V37:X37),"")
A38: 45722.361 | B38: 2 | C38: 3 | D38: 3 | E38: 3 | F38: 4 | G38: 4 | H38: 5 | I38: 4 | J38: 3 | K38: 3 | L38: 3 | M38: 3 | N38: 3 | O38: 2 | P38: 2 | Q38: 3 | R38: 2 | S38: 2 | T38: 3 | U38: 1 | V38: 3 | W38: 3 | X38: 3 | Y38: =INT(A38) | Z38: =IF(Y38<DATE(2025,3,6),1,IF(Y38<DATE(2025,3,13),2,3)) | AA38: =COUNTBLANK(B38:X38) | AB38: =B38&"|"&C38&"|"&D38&"|"&E38&"|"&F38&"|"&G38&"|"&H38&"|"&I38&"|"&J38&"|"&K38&"|"&L38&"|"&M38&"|"&N38&"|"&O38&"|"&P38&"|"&Q38&"|"&R38&"|"&S38&"|"&T38&"|"&U38&"|"&V38&"|"&W38&"|"&X38 | AC38: =IF(COUNTIF($AB$2:AB38,AB38)>1,1,0) | AD38: =STDEV(F38:X38) | AE38: =IF(OR(AA38>=8,AC38=1,AD38=0),0,1) | AF38: =IF(AE38=1,"",IF(AC38=1,"Trùng",IF(AA38>=8,"Bỏ trống "&AA38&" ô","Chọn cùng một mức"))) | AG38: =IF($AE38=1,AVERAGE(F38:I38),"") | AH38: =IF($AE38=1,AVERAGE(J38:M38),"") | AI38: =IF($AE38=1,AVERAGE(N38:Q38),"") | AJ38: =IF($AE38=1,AVERAGE(R38:U38),"") | AK38: =IF($AE38=1,AVERAGE(V38:X38),"")
A39: 45722.365 | B39: 1 | C39: 1 | D39: 1 | E39: 2 | F39: 5 | G39: 4 | H39: 5 | I39: 3 | J39: 3 | K39: 3 | L39: 4 | M39: 4 | N39: 2 | O39: 3 | P39: 2 | Q39: 2 | R39: 3 | S39: 3 | T39: 3 | U39: 3 | V39: 3 | W39: 4 | X39: 4 | Y39: =INT(A39) | Z39: =IF(Y39<DATE(2025,3,6),1,IF(Y39<DATE(2025,3,13),2,3)) | AA39: =COUNTBLANK(B39:X39) | AB39: =B39&"|"&C39&"|"&D39&"|"&E39&"|"&F39&"|"&G39&"|"&H39&"|"&I39&"|"&J39&"|"&K39&"|"&L39&"|"&M39&"|"&N39&"|"&O39&"|"&P39&"|"&Q39&"|"&R39&"|"&S39&"|"&T39&"|"&U39&"|"&V39&"|"&W39&"|"&X39 | AC39: =IF(COUNTIF($AB$2:AB39,AB39)>1,1,0) | AD39: =STDEV(F39:X39) | AE39: =IF(OR(AA39>=8,AC39=1,AD39=0),0,1) | AF39: =IF(AE39=1,"",IF(AC39=1,"Trùng",IF(AA39>=8,"Bỏ trống "&AA39&" ô","Chọn cùng một mức"))) | AG39: =IF($AE39=1,AVERAGE(F39:I39),"") | AH39: =IF($AE39=1,AVERAGE(J39:M39),"") | AI39: =IF($AE39=1,AVERAGE(N39:Q39),"") | AJ39: =IF($AE39=1,AVERAGE(R39:U39),"") | AK39: =IF($AE39=1,AVERAGE(V39:X39),"")
A40: 45722.366 | B40: 1 | C40: 1 | D40: 1 | E40: 2 | F40: 5 | G40: 4 | H40: 5 | I40: 3 | J40: 3 | K40: 3 | L40: 4 | M40: 4 | N40: 2 | O40: 3 | P40: 2 | Q40: 2 | R40: 3 | S40: 3 | T40: 3 | U40: 3 | V40: 3 | W40: 4 | X40: 4 | Y40: =INT(A40) | Z40: =IF(Y40<DATE(2025,3,6),1,IF(Y40<DATE(2025,3,13),2,3)) | AA40: =COUNTBLANK(B40:X40) | AB40: =B40&"|"&C40&"|"&D40&"|"&E40&"|"&F40&"|"&G40&"|"&H40&"|"&I40&"|"&J40&"|"&K40&"|"&L40&"|"&M40&"|"&N40&"|"&O40&"|"&P40&"|"&Q40&"|"&R40&"|"&S40&"|"&T40&"|"&U40&"|"&V40&"|"&W40&"|"&X40 | AC40: =IF(COUNTIF($AB$2:AB40,AB40)>1,1,0) | AD40: =STDEV(F40:X40) | AE40: =IF(OR(AA40>=8,AC40=1,AD40=0),0,1) | AF40: =IF(AE40=1,"",IF(AC40=1,"Trùng",IF(AA40>=8,"Bỏ trống "&AA40&" ô","Chọn cùng một mức"))) | AG40: =IF($AE40=1,AVERAGE(F40:I40),"") | AH40: =IF($AE40=1,AVERAGE(J40:M40),"") | AI40: =IF($AE40=1,AVERAGE(N40:Q40),"") | AJ40: =IF($AE40=1,AVERAGE(R40:U40),"") | AK40: =IF($AE40=1,AVERAGE(V40:X40),"")
A41: 45722.491 | B41: 2 | C41: 1 | D41: 2 | E41: 1 | F41: 4 | G41: 5 | H41: 4 | I41: 4 | J41: 2 | K41: 2 | L41: 3 | M41: 2 | N41: 4 | O41: 4 | P41: 4 | Q41: 4 | R41: 3 | S41: 2 | T41: 3 | U41: 2 | V41: 3 | W41: 4 | X41: 3 | Y41: =INT(A41) | Z41: =IF(Y41<DATE(2025,3,6),1,IF(Y41<DATE(2025,3,13),2,3)) | AA41: =COUNTBLANK(B41:X41) | AB41: =B41&"|"&C41&"|"&D41&"|"&E41&"|"&F41&"|"&G41&"|"&H41&"|"&I41&"|"&J41&"|"&K41&"|"&L41&"|"&M41&"|"&N41&"|"&O41&"|"&P41&"|"&Q41&"|"&R41&"|"&S41&"|"&T41&"|"&U41&"|"&V41&"|"&W41&"|"&X41 | AC41: =IF(COUNTIF($AB$2:AB41,AB41)>1,1,0) | AD41: =STDEV(F41:X41) | AE41: =IF(OR(AA41>=8,AC41=1,AD41=0),0,1) | AF41: =IF(AE41=1,"",IF(AC41=1,"Trùng",IF(AA41>=8,"Bỏ trống "&AA41&" ô","Chọn cùng một mức"))) | AG41: =IF($AE41=1,AVERAGE(F41:I41),"") | AH41: =IF($AE41=1,AVERAGE(J41:M41),"") | AI41: =IF($AE41=1,AVERAGE(N41:Q41),"") | AJ41: =IF($AE41=1,AVERAGE(R41:U41),"") | AK41: =IF($AE41=1,AVERAGE(V41:X41),"")
A42: 45722.621 | B42: 2 | C42: 3 | D42: 3 | E42: 2 | F42: 3 | G42: 3 | H42: 2 | I42: 3 | J42: 4 | K42: 5 | L42: 4 | M42: 5 | N42: 3 | O42: 2 | P42: 2 | Q42: 3 | R42: 3 | S42: 3 | T42: 4 | U42: 4 | V42: 4 | W42: 1 | X42: 3 | Y42: =INT(A42) | Z42: =IF(Y42<DATE(2025,3,6),1,IF(Y42<DATE(2025,3,13),2,3)) | AA42: =COUNTBLANK(B42:X42) | AB42: =B42&"|"&C42&"|"&D42&"|"&E42&"|"&F42&"|"&G42&"|"&H42&"|"&I42&"|"&J42&"|"&K42&"|"&L42&"|"&M42&"|"&N42&"|"&O42&"|"&P42&"|"&Q42&"|"&R42&"|"&S42&"|"&T42&"|"&U42&"|"&V42&"|"&W42&"|"&X42 | AC42: =IF(COUNTIF($AB$2:AB42,AB42)>1,1,0) | AD42: =STDEV(F42:X42) | AE42: =IF(OR(AA42>=8,AC42=1,AD42=0),0,1) | AF42: =IF(AE42=1,"",IF(AC42=1,"Trùng",IF(AA42>=8,"Bỏ trống "&AA42&" ô","Chọn cùng một mức"))) | AG42: =IF($AE42=1,AVERAGE(F42:I42),"") | AH42: =IF($AE42=1,AVERAGE(J42:M42),"") | AI42: =IF($AE42=1,AVERAGE(N42:Q42),"") | AJ42: =IF($AE42=1,AVERAGE(R42:U42),"") | AK42: =IF($AE42=1,AVERAGE(V42:X42),"")
A43: 45722.648 | B43: 2 | C43: 2 | D43: 1 | E43: 1 | F43: 3 | G43: 2 | H43: 4 | I43: 3 | J43: 3 | K43: 3 | L43: 4 | M43: 3 | N43: 2 | O43: 1 | P43: 3 | Q43: 2 | R43: 3 | S43: 3 | T43: 3 | U43: 4 | V43: 4 | W43: 3 | X43: 4 | Y43: =INT(A43) | Z43: =IF(Y43<DATE(2025,3,6),1,IF(Y43<DATE(2025,3,13),2,3)) | AA43: =COUNTBLANK(B43:X43) | AB43: =B43&"|"&C43&"|"&D43&"|"&E43&"|"&F43&"|"&G43&"|"&H43&"|"&I43&"|"&J43&"|"&K43&"|"&L43&"|"&M43&"|"&N43&"|"&O43&"|"&P43&"|"&Q43&"|"&R43&"|"&S43&"|"&T43&"|"&U43&"|"&V43&"|"&W43&"|"&X43 | AC43: =IF(COUNTIF($AB$2:AB43,AB43)>1,1,0) | AD43: =STDEV(F43:X43) | AE43: =IF(OR(AA43>=8,AC43=1,AD43=0),0,1) | AF43: =IF(AE43=1,"",IF(AC43=1,"Trùng",IF(AA43>=8,"Bỏ trống "&AA43&" ô","Chọn cùng một mức"))) | AG43: =IF($AE43=1,AVERAGE(F43:I43),"") | AH43: =IF($AE43=1,AVERAGE(J43:M43),"") | AI43: =IF($AE43=1,AVERAGE(N43:Q43),"") | AJ43: =IF($AE43=1,AVERAGE(R43:U43),"") | AK43: =IF($AE43=1,AVERAGE(V43:X43),"")
... A46: 45722.889 | B46: 1 | C46: 1 | D46: 1 | E46: 3 | F46: 4 | G46: 3 | H46: 4 | I46: 3 | J46: 3 | K46: 4 | L46: 4 | M46: 3 | N46: 5 | O46: 4 | P46: 5 | Q46: 5 | R46: 3 | S46: 4 | T46: 4 | U46: 5 | V46: 5 | W46: 4 | X46: 5 | Y46: =INT(A46) | Z46: =IF(Y46<DATE(2025,3,6),1,IF(Y46<DATE(2025,3,13),2,3)) | AA46: =COUNTBLANK(B46:X46) | AB46: =B46&"|"&C46&"|"&D46&"|"&E46&"|"&F46&"|"&G46&"|"&H46&"|"&I46&"|"&J46&"|"&K46&"|"&L46&"|"&M46&"|"&N46&"|"&O46&"|"&P46&"|"&Q46&"|"&R46&"|"&S46&"|"&T46&"|"&U46&"|"&V46&"|"&W46&"|"&X46 | AC46: =IF(COUNTIF($AB$2:AB46,AB46)>1,1,0) | AD46: =STDEV(F46:X46) | AE46: =IF(OR(AA46>=8,AC46=1,AD46=0),0,1) | AF46: =IF(AE46=1,"",IF(AC46=1,"Trùng",IF(AA46>=8,"Bỏ trống "&AA46&" ô","Chọn cùng một mức"))) | AG46: =IF($AE46=1,AVERAGE(F46:I46),"") | AH46: =IF($AE46=1,AVERAGE(J46:M46),"") | AI46: =IF($AE46=1,AVERAGE(N46:Q46),"") | AJ46: =IF($AE46=1,AVERAGE(R46:U46),"") | AK46: =IF($AE46=1,AVERAGE(V46:X46),"")
A47: 45722.891 | B47: 1 | C47: 3 | D47: 2 | E47: 3 | F47: 3 | G47: 3 | I47: 3 | J47: 2 | K47: 4 | L47: 4 | M47: 4 | N47: 3 | O47: 2 | P47: 3 | Q47: 4 | R47: 2 | S47: 3 | T47: 2 | U47: 3 | V47: 2 | W47: 3 | X47: 3 | Y47: =INT(A47) | Z47: =IF(Y47<DATE(2025,3,6),1,IF(Y47<DATE(2025,3,13),2,3)) | AA47: =COUNTBLANK(B47:X47) | AB47: =B47&"|"&C47&"|"&D47&"|"&E47&"|"&F47&"|"&G47&"|"&H47&"|"&I47&"|"&J47&"|"&K47&"|"&L47&"|"&M47&"|"&N47&"|"&O47&"|"&P47&"|"&Q47&"|"&R47&"|"&S47&"|"&T47&"|"&U47&"|"&V47&"|"&W47&"|"&X47 | AC47: =IF(COUNTIF($AB$2:AB47,AB47)>1,1,0) | AD47: =STDEV(F47:X47) | AE47: =IF(OR(AA47>=8,AC47=1,AD47=0),0,1) | AF47: =IF(AE47=1,"",IF(AC47=1,"Trùng",IF(AA47>=8,"Bỏ trống "&AA47&" ô","Chọn cùng một mức"))) | AG47: =IF($AE47=1,AVERAGE(F47:I47),"") | AH47: =IF($AE47=1,AVERAGE(J47:M47),"") | AI47: =IF($AE47=1,AVERAGE(N47:Q47),"") | AJ47: =IF($AE47=1,AVERAGE(R47:U47),"") | AK47: =IF($AE47=1,AVERAGE(V47:X47),"")
A48: 45722.926 | B48: 1 | C48: 2 | D48: 3 | E48: 1 | F48: 2 | G48: 2 | H48: 3 | I48: 2 | J48: 3 | K48: 4 | L48: 3 | M48: 2 | N48: 3 | O48: 4 | P48: 3 | Q48: 1 | R48: 3 | S48: 3 | T48: 3 | U48: 2 | V48: 2 | W48: 3 | X48: 3 | Y48: =INT(A48) | Z48: =IF(Y48<DATE(2025,3,6),1,IF(Y48<DATE(2025,3,13),2,3)) | AA48: =COUNTBLANK(B48:X48) | AB48: =B48&"|"&C48&"|"&D48&"|"&E48&"|"&F48&"|"&G48&"|"&H48&"|"&I48&"|"&J48&"|"&K48&"|"&L48&"|"&M48&"|"&N48&"|"&O48&"|"&P48&"|"&Q48&"|"&R48&"|"&S48&"|"&T48&"|"&U48&"|"&V48&"|"&W48&"|"&X48 | AC48: =IF(COUNTIF($AB$2:AB48,AB48)>1,1,0) | AD48: =STDEV(F48:X48) | AE48: =IF(OR(AA48>=8,AC48=1,AD48=0),0,1) | AF48: =IF(AE48=1,"",IF(AC48=1,"Trùng",IF(AA48>=8,"Bỏ trống "&AA48&" ô","Chọn cùng một mức"))) | AG48: =IF($AE48=1,AVERAGE(F48:I48),"") | AH48: =IF($AE48=1,AVERAGE(J48:M48),"") | AI48: =IF($AE48=1,AVERAGE(N48:Q48),"") | AJ48: =IF($AE48=1,AVERAGE(R48:U48),"") | AK48: =IF($AE48=1,AVERAGE(V48:X48),"")
A49: 45722.972 | B49: 2 | C49: 3 | D49: 2 | E49: 3 | F49: 4 | G49: 3 | H49: 2 | I49: 3 | J49: 2 | K49: 3 | L49: 4 | M49: 3 | N49: 3 | O49: 2 | P49: 2 | Q49: 2 | R49: 3 | S49: 3 | T49: 3 | U49: 3 | V49: 3 | W49: 3 | X49: 2 | Y49: =INT(A49) | Z49: =IF(Y49<DATE(2025,3,6),1,IF(Y49<DATE(2025,3,13),2,3)) | AA49: =COUNTBLANK(B49:X49) | AB49: =B49&"|"&C49&"|"&D49&"|"&E49&"|"&F49&"|"&G49&"|"&H49&"|"&I49&"|"&J49&"|"&K49&"|"&L49&"|"&M49&"|"&N49&"|"&O49&"|"&P49&"|"&Q49&"|"&R49&"|"&S49&"|"&T49&"|"&U49&"|"&V49&"|"&W49&"|"&X49 | AC49: =IF(COUNTIF($AB$2:AB49,AB49)>1,1,0) | AD49: =STDEV(F49:X49) | AE49: =IF(OR(AA49>=8,AC49=1,AD49=0),0,1) | AF49: =IF(AE49=1,"",IF(AC49=1,"Trùng",IF(AA49>=8,"Bỏ trống "&AA49&" ô","Chọn cùng một mức"))) | AG49: =IF($AE49=1,AVERAGE(F49:I49),"") | AH49: =IF($AE49=1,AVERAGE(J49:M49),"") | AI49: =IF($AE49=1,AVERAGE(N49:Q49),"") | AJ49: =IF($AE49=1,AVERAGE(R49:U49),"") | AK49: =IF($AE49=1,AVERAGE(V49:X49),"")
A50: 45722.983 | B50: 2 | C50: 4 | D50: 1 | E50: 2 | F50: 5 | G50: 4 | H50: 5 | I50: 5 | J50: 4 | K50: 4 | L50: 4 | M50: 3 | N50: 4 | O50: 3 | P50: 4 | Q50: 4 | R50: 4 | S50: 3 | T50: 2 | U50: 3 | V50: 3 | W50: 4 | X50: 4 | Y50: =INT(A50) | Z50: =IF(Y50<DATE(2025,3,6),1,IF(Y50<DATE(2025,3,13),2,3)) | AA50: =COUNTBLANK(B50:X50) | AB50: =B50&"|"&C50&"|"&D50&"|"&E50&"|"&F50&"|"&G50&"|"&H50&"|"&I50&"|"&J50&"|"&K50&"|"&L50&"|"&M50&"|"&N50&"|"&O50&"|"&P50&"|"&Q50&"|"&R50&"|"&S50&"|"&T50&"|"&U50&"|"&V50&"|"&W50&"|"&X50 | AC50: =IF(COUNTIF($AB$2:AB50,AB50)>1,1,0) | AD50: =STDEV(F50:X50) | AE50: =IF(OR(AA50>=8,AC50=1,AD50=0),0,1) | AF50: =IF(AE50=1,"",IF(AC50=1,"Trùng",IF(AA50>=8,"Bỏ trống "&AA50&" ô","Chọn cùng một mức"))) | AG50: =IF($AE50=1,AVERAGE(F50:I50),"") | AH50: =IF($AE50=1,AVERAGE(J50:M50),"") | AI50: =IF($AE50=1,AVERAGE(N50:Q50),"") | AJ50: =IF($AE50=1,AVERAGE(R50:U50),"") | AK50: =IF($AE50=1,AVERAGE(V50:X50),"")
A51: 45723.166 | B51: 1 | C51: 3 | D51: 2 | E51: 1 | F51: 4 | G51: 4 | H51: 5 | I51: 5 | J51: 3 | K51: 4 | L51: 3 | M51: 3 | N51: 4 | O51: 4 | P51: 3 | Q51: 4 | R51: 4 | S51: 3 | T51: 3 | U51: 4 | V51: 4 | W51: 4 | X51: 4 | Y51: =INT(A51) | Z51: =IF(Y51<DATE(2025,3,6),1,IF(Y51<DATE(2025,3,13),2,3)) | AA51: =COUNTBLANK(B51:X51) | AB51: =B51&"|"&C51&"|"&D51&"|"&E51&"|"&F51&"|"&G51&"|"&H51&"|"&I51&"|"&J51&"|"&K51&"|"&L51&"|"&M51&"|"&N51&"|"&O51&"|"&P51&"|"&Q51&"|"&R51&"|"&S51&"|"&T51&"|"&U51&"|"&V51&"|"&W51&"|"&X51 | AC51: =IF(COUNTIF($AB$2:AB51,AB51)>1,1,0) | AD51: =STDEV(F51:X51) | AE51: =IF(OR(AA51>=8,AC51=1,AD51=0),0,1) | AF51: =IF(AE51=1,"",IF(AC51=1,"Trùng",IF(AA51>=8,"Bỏ trống "&AA51&" ô","Chọn cùng một mức"))) | AG51: =IF($AE51=1,AVERAGE(F51:I51),"") | AH51: =IF($AE51=1,AVERAGE(J51:M51),"") | AI51: =IF($AE51=1,AVERAGE(N51:Q51),"") | AJ51: =IF($AE51=1,AVERAGE(R51:U51),"") | AK51: =IF($AE51=1,AVERAGE(V51:X51),"")
A52: 45723.254 | B52: 2 | C52: 4 | D52: 2 | E52: 3 | F52: 5 | G52: 3 | H52: 3 | I52: 4 | J52: 5 | K52: 5 | L52: 4 | M52: 5 | N52: 4 | O52: 3 | P52: 2 | Q52: 3 | R52: 2 | S52: 2 | T52: 2 | U52: 2 | V52: 3 | W52: 3 | X52: 3 | Y52: =INT(A52) | Z52: =IF(Y52<DATE(2025,3,6),1,IF(Y52<DATE(2025,3,13),2,3)) | AA52: =COUNTBLANK(B52:X52) | AB52: =B52&"|"&C52&"|"&D52&"|"&E52&"|"&F52&"|"&G52&"|"&H52&"|"&I52&"|"&J52&"|"&K52&"|"&L52&"|"&M52&"|"&N52&"|"&O52&"|"&P52&"|"&Q52&"|"&R52&"|"&S52&"|"&T52&"|"&U52&"|"&V52&"|"&W52&"|"&X52 | AC52: =IF(COUNTIF($AB$2:AB52,AB52)>1,1,0) | AD52: =STDEV(F52:X52) | AE52: =IF(OR(AA52>=8,AC52=1,AD52=0),0,1) | AF52: =IF(AE52=1,"",IF(AC52=1,"Trùng",IF(AA52>=8,"Bỏ trống "&AA52&" ô","Chọn cùng một mức"))) | AG52: =IF($AE52=1,AVERAGE(F52:I52),"") | AH52: =IF($AE52=1,AVERAGE(J52:M52),"") | AI52: =IF($AE52=1,AVERAGE(N52:Q52),"") | AJ52: =IF($AE52=1,AVERAGE(R52:U52),"") | AK52: =IF($AE52=1,AVERAGE(V52:X52),"")
A53: 45723.457 | B53: 1 | C53: 2 | D53: 2 | E53: 3 | F53: 5 | G53: 4 | H53: 5 | I53: 2 | J53: 5 | K53: 3 | L53: 4 | M53: 3 | N53: 3 | O53: 3 | P53: 4 | Q53: 5 | R53: 3 | S53: 4 | T53: 2 | U53: 2 | V53: 4 | W53: 4 | X53: 4 | Y53: =INT(A53) | Z53: =IF(Y53<DATE(2025,3,6),1,IF(Y53<DATE(2025,3,13),2,3)) | AA53: =COUNTBLANK(B53:X53) | AB53: =B53&"|"&C53&"|"&D53&"|"&E53&"|"&F53&"|"&G53&"|"&H53&"|"&I53&"|"&J53&"|"&K53&"|"&L53&"|"&M53&"|"&N53&"|"&O53&"|"&P53&"|"&Q53&"|"&R53&"|"&S53&"|"&T53&"|"&U53&"|"&V53&"|"&W53&"|"&X53 | AC53: =IF(COUNTIF($AB$2:AB53,AB53)>1,1,0) | AD53: =STDEV(F53:X53) | AE53: =IF(OR(AA53>=8,AC53=1,AD53=0),0,1) | AF53: =IF(AE53=1,"",IF(AC53=1,"Trùng",IF(AA53>=8,"Bỏ trống "&AA53&" ô","Chọn cùng một mức"))) | AG53: =IF($AE53=1,AVERAGE(F53:I53),"") | AH53: =IF($AE53=1,AVERAGE(J53:M53),"") | AI53: =IF($AE53=1,AVERAGE(N53:Q53),"") | AJ53: =IF($AE53=1,AVERAGE(R53:U53),"") | AK53: =IF($AE53=1,AVERAGE(V53:X53),"")
A54: 45723.493 | B54: 2 | C54: 4 | D54: 2 | E54: 2 | F54: 3 | G54: 4 | H54: 5 | I54: 4 | J54: 3 | K54: 3 | L54: 3 | M54: 3 | N54: 2 | O54: 3 | P54: 2 | Q54: 2 | R54: 3 | S54: 4 | T54: 3 | U54: 2 | V54: 5 | W54: 4 | X54: 5 | Y54: =INT(A54) | Z54: =IF(Y54<DATE(2025,3,6),1,IF(Y54<DATE(2025,3,13),2,3)) | AA54: =COUNTBLANK(B54:X54) | AB54: =B54&"|"&C54&"|"&D54&"|"&E54&"|"&F54&"|"&G54&"|"&H54&"|"&I54&"|"&J54&"|"&K54&"|"&L54&"|"&M54&"|"&N54&"|"&O54&"|"&P54&"|"&Q54&"|"&R54&"|"&S54&"|"&T54&"|"&U54&"|"&V54&"|"&W54&"|"&X54 | AC54: =IF(COUNTIF($AB$2:AB54,AB54)>1,1,0) | AD54: =STDEV(F54:X54) | AE54: =IF(OR(AA54>=8,AC54=1,AD54=0),0,1) | AF54: =IF(AE54=1,"",IF(AC54=1,"Trùng",IF(AA54>=8,"Bỏ trống "&AA54&" ô","Chọn cùng một mức"))) | AG54: =IF($AE54=1,AVERAGE(F54:I54),"") | AH54: =IF($AE54=1,AVERAGE(J54:M54),"") | AI54: =IF($AE54=1,AVERAGE(N54:Q54),"") | AJ54: =IF($AE54=1,AVERAGE(R54:U54),"") | AK54: =IF($AE54=1,AVERAGE(V54:X54),"")
A55: 45723.515 | B55: 1 | C55: 1 | D55: 2 | E55: 1 | F55: 2 | G55: 3 | H55: 2 | I55: 3 | J55: 3 | K55: 4 | L55: 4 | M55: 4 | N55: 2 | O55: 3 | P55: 3 | Q55: 4 | R55: 4 | S55: 4 | T55: 5 | U55: 4 | V55: 3 | W55: 4 | X55: 3 | Y55: =INT(A55) | Z55: =IF(Y55<DATE(2025,3,6),1,IF(Y55<DATE(2025,3,13),2,3)) | AA55: =COUNTBLANK(B55:X55) | AB55: =B55&"|"&C55&"|"&D55&"|"&E55&"|"&F55&"|"&G55&"|"&H55&"|"&I55&"|"&J55&"|"&K55&"|"&L55&"|"&M55&"|"&N55&"|"&O55&"|"&P55&"|"&Q55&"|"&R55&"|"&S55&"|"&T55&"|"&U55&"|"&V55&"|"&W55&"|"&X55 | AC55: =IF(COUNTIF($AB$2:AB55,AB55)>1,1,0) | AD55: =STDEV(F55:X55) | AE55: =IF(OR(AA55>=8,AC55=1,AD55=0),0,1) | AF55: =IF(AE55=1,"",IF(AC55=1,"Trùng",IF(AA55>=8,"Bỏ trống "&AA55&" ô","Chọn cùng một mức"))) | AG55: =IF($AE55=1,AVERAGE(F55:I55),"") | AH55: =IF($AE55=1,AVERAGE(J55:M55),"") | AI55: =IF($AE55=1,AVERAGE(N55:Q55),"") | AJ55: =IF($AE55=1,AVERAGE(R55:U55),"") | AK55: =IF($AE55=1,AVERAGE(V55:X55),"")
A56: 45723.61 | B56: 1 | C56: 1 | D56: 2 | E56: 2 | F56: 3 | G56: 4 | H56: 3 | I56: 3 | J56: 4 | K56: 4 | L56: 4 | M56: 3 | N56: 1 | O56: 2 | P56: 1 | Q56: 1 | R56: 3 | S56: 2 | T56: 3 | U56: 3 | V56: 2 | W56: 3 | X56: 3 | Y56: =INT(A56) | Z56: =IF(Y56<DATE(2025,3,6),1,IF(Y56<DATE(2025,3,13),2,3)) | AA56: =COUNTBLANK(B56:X56) | AB56: =B56&"|"&C56&"|"&D56&"|"&E56&"|"&F56&"|"&G56&"|"&H56&"|"&I56&"|"&J56&"|"&K56&"|"&L56&"|"&M56&"|"&N56&"|"&O56&"|"&P56&"|"&Q56&"|"&R56&"|"&S56&"|"&T56&"|"&U56&"|"&V56&"|"&W56&"|"&X56 | AC56: =IF(COUNTIF($AB$2:AB56,AB56)>1,1,0) | AD56: =STDEV(F56:X56) | AE56: =IF(OR(AA56>=8,AC56=1,AD56=0),0,1) | AF56: =IF(AE56=1,"",IF(AC56=1,"Trùng",IF(AA56>=8,"Bỏ trống "&AA56&" ô","Chọn cùng một mức"))) | AG56: =IF($AE56=1,AVERAGE(F56:I56),"") | AH56: =IF($AE56=1,AVERAGE(J56:M56),"") | AI56: =IF($AE56=1,AVERAGE(N56:Q56),"") | AJ56: =IF($AE56=1,AVERAGE(R56:U56),"") | AK56: =IF($AE56=1,AVERAGE(V56:X56),"")
A57: 45723.647 | B57: 2 | C57: 3 | D57: 1 | E57: 2 | F57: 4 | G57: 5 | H57: 4 | I57: 4 | J57: 3 | K57: 3 | L57: 3 | M57: 4 | N57: 5 | O57: 4 | P57: 4 | Q57: 4 | R57: 4 | S57: 5 | T57: 4 | U57: 5 | V57: 4 | W57: 4 | X57: 5 | Y57: =INT(A57) | Z57: =IF(Y57<DATE(2025,3,6),1,IF(Y57<DATE(2025,3,13),2,3)) | AA57: =COUNTBLANK(B57:X57) | AB57: =B57&"|"&C57&"|"&D57&"|"&E57&"|"&F57&"|"&G57&"|"&H57&"|"&I57&"|"&J57&"|"&K57&"|"&L57&"|"&M57&"|"&N57&"|"&O57&"|"&P57&"|"&Q57&"|"&R57&"|"&S57&"|"&T57&"|"&U57&"|"&V57&"|"&W57&"|"&X57 | AC57: =IF(COUNTIF($AB$2:AB57,AB57)>1,1,0) | AD57: =STDEV(F57:X57) | AE57: =IF(OR(AA57>=8,AC57=1,AD57=0),0,1) | AF57: =IF(AE57=1,"",IF(AC57=1,"Trùng",IF(AA57>=8,"Bỏ trống "&AA57&" ô","Chọn cùng một mức"))) | AG57: =IF($AE57=1,AVERAGE(F57:I57),"") | AH57: =IF($AE57=1,AVERAGE(J57:M57),"") | AI57: =IF($AE57=1,AVERAGE(N57:Q57),"") | AJ57: =IF($AE57=1,AVERAGE(R57:U57),"") | AK57: =IF($AE57=1,AVERAGE(V57:X57),"")
A58: 45723.677 | B58: 1 | C58: 4 | D58: 2 | E58: 3 | F58: 5 | G58: 5 | H58: 5 | I58: 5 | J58: 5 | K58: 4 | L58: 4 | M58: 4 | N58: 4 | O58: 4 | P58: 3 | Q58: 4 | R58: 3 | S58: 3 | T58: 3 | U58: 3 | V58: 5 | W58: 4 | X58: 5 | Y58: =INT(A58) | Z58: =IF(Y58<DATE(2025,3,6),1,IF(Y58<DATE(2025,3,13),2,3)) | AA58: =COUNTBLANK(B58:X58) | AB58: =B58&"|"&C58&"|"&D58&"|"&E58&"|"&F58&"|"&G58&"|"&H58&"|"&I58&"|"&J58&"|"&K58&"|"&L58&"|"&M58&"|"&N58&"|"&O58&"|"&P58&"|"&Q58&"|"&R58&"|"&S58&"|"&T58&"|"&U58&"|"&V58&"|"&W58&"|"&X58 | AC58: =IF(COUNTIF($AB$2:AB58,AB58)>1,1,0) | AD58: =STDEV(F58:X58) | AE58: =IF(OR(AA58>=8,AC58=1,AD58=0),0,1) | AF58: =IF(AE58=1,"",IF(AC58=1,"Trùng",IF(AA58>=8,"Bỏ trống "&AA58&" ô","Chọn cùng một mức"))) | AG58: =IF($AE58=1,AVERAGE(F58:I58),"") | AH58: =IF($AE58=1,AVERAGE(J58:M58),"") | AI58: =IF($AE58=1,AVERAGE(N58:Q58),"") | AJ58: =IF($AE58=1,AVERAGE(R58:U58),"") | AK58: =IF($AE58=1,AVERAGE(V58:X58),"")
A59: 45723.722 | B59: 1 | C59: 2 | D59: 1 | E59: 2 | F59: 3 | G59: 4 | H59: 4 | I59: 4 | J59: 4 | K59: 3 | L59: 3 | M59: 2 | N59: 3 | O59: 2 | P59: 3 | Q59: 2 | R59: 3 | S59: 4 | T59: 4 | U59: 3 | V59: 3 | W59: 3 | X59: 4 | Y59: =INT(A59) | Z59: =IF(Y59<DATE(2025,3,6),1,IF(Y59<DATE(2025,3,13),2,3)) | AA59: =COUNTBLANK(B59:X59) | AB59: =B59&"|"&C59&"|"&D59&"|"&E59&"|"&F59&"|"&G59&"|"&H59&"|"&I59&"|"&J59&"|"&K59&"|"&L59&"|"&M59&"|"&N59&"|"&O59&"|"&P59&"|"&Q59&"|"&R59&"|"&S59&"|"&T59&"|"&U59&"|"&V59&"|"&W59&"|"&X59 | AC59: =IF(COUNTIF($AB$2:AB59,AB59)>1,1,0) | AD59: =STDEV(F59:X59) | AE59: =IF(OR(AA59>=8,AC59=1,AD59=0),0,1) | AF59: =IF(AE59=1,"",IF(AC59=1,"Trùng",IF(AA59>=8,"Bỏ trống "&AA59&" ô","Chọn cùng một mức"))) | AG59: =IF($AE59=1,AVERAGE(F59:I59),"") | AH59: =IF($AE59=1,AVERAGE(J59:M59),"") | AI59: =IF($AE59=1,AVERAGE(N59:Q59),"") | AJ59: =IF($AE59=1,AVERAGE(R59:U59),"") | AK59: =IF($AE59=1,AVERAGE(V59:X59),"")
... A73: 45725.416 | B73: 1 | C73: 2 | D73: 3 | E73: 3 | F73: 4 | G73: 5 | H73: 4 | I73: 4 | J73: 5 | K73: 5 | L73: 4 | M73: 5 | N73: 3 | O73: 4 | P73: 3 | Q73: 4 | R73: 3 | S73: 2 | T73: 3 | U73: 4 | V73: 4 | W73: 4 | X73: 4 | Y73: =INT(A73) | Z73: =IF(Y73<DATE(2025,3,6),1,IF(Y73<DATE(2025,3,13),2,3)) | AA73: =COUNTBLANK(B73:X73) | AB73: =B73&"|"&C73&"|"&D73&"|"&E73&"|"&F73&"|"&G73&"|"&H73&"|"&I73&"|"&J73&"|"&K73&"|"&L73&"|"&M73&"|"&N73&"|"&O73&"|"&P73&"|"&Q73&"|"&R73&"|"&S73&"|"&T73&"|"&U73&"|"&V73&"|"&W73&"|"&X73 | AC73: =IF(COUNTIF($AB$2:AB73,AB73)>1,1,0) | AD73: =STDEV(F73:X73) | AE73: =IF(OR(AA73>=8,AC73=1,AD73=0),0,1) | AF73: =IF(AE73=1,"",IF(AC73=1,"Trùng",IF(AA73>=8,"Bỏ trống "&AA73&" ô","Chọn cùng một mức"))) | AG73: =IF($AE73=1,AVERAGE(F73:I73),"") | AH73: =IF($AE73=1,AVERAGE(J73:M73),"") | AI73: =IF($AE73=1,AVERAGE(N73:Q73),"") | AJ73: =IF($AE73=1,AVERAGE(R73:U73),"") | AK73: =IF($AE73=1,AVERAGE(V73:X73),"")
A74: 45725.633 | B74: 2 | C74: 5 | D74: 3 | E74: 2 | I74: 4 | J74: 5 | K74: 1 | L74: 3 | N74: 1 | P74: 3 | Q74: 3 | R74: 2 | S74: 1 | Y74: =INT(A74) | Z74: =IF(Y74<DATE(2025,3,6),1,IF(Y74<DATE(2025,3,13),2,3)) | AA74: =COUNTBLANK(B74:X74) | AB74: =B74&"|"&C74&"|"&D74&"|"&E74&"|"&F74&"|"&G74&"|"&H74&"|"&I74&"|"&J74&"|"&K74&"|"&L74&"|"&M74&"|"&N74&"|"&O74&"|"&P74&"|"&Q74&"|"&R74&"|"&S74&"|"&T74&"|"&U74&"|"&V74&"|"&W74&"|"&X74 | AC74: =IF(COUNTIF($AB$2:AB74,AB74)>1,1,0) | AD74: =STDEV(F74:X74) | AE74: =IF(OR(AA74>=8,AC74=1,AD74=0),0,1) | AF74: =IF(AE74=1,"",IF(AC74=1,"Trùng",IF(AA74>=8,"Bỏ trống "&AA74&" ô","Chọn cùng một mức"))) | AG74: =IF($AE74=1,AVERAGE(F74:I74),"") | AH74: =IF($AE74=1,AVERAGE(J74:M74),"") | AI74: =IF($AE74=1,AVERAGE(N74:Q74),"") | AJ74: =IF($AE74=1,AVERAGE(R74:U74),"") | AK74: =IF($AE74=1,AVERAGE(V74:X74),"")
A75: 45725.81 | B75: 2 | C75: 1 | D75: 3 | E75: 1 | F75: 5 | G75: 4 | H75: 4 | I75: 4 | J75: 4 | K75: 2 | L75: 3 | M75: 3 | N75: 3 | O75: 4 | P75: 4 | Q75: 4 | R75: 3 | S75: 3 | T75: 5 | U75: 3 | V75: 2 | W75: 4 | X75: 4 | Y75: =INT(A75) | Z75: =IF(Y75<DATE(2025,3,6),1,IF(Y75<DATE(2025,3,13),2,3)) | AA75: =COUNTBLANK(B75:X75) | AB75: =B75&"|"&C75&"|"&D75&"|"&E75&"|"&F75&"|"&G75&"|"&H75&"|"&I75&"|"&J75&"|"&K75&"|"&L75&"|"&M75&"|"&N75&"|"&O75&"|"&P75&"|"&Q75&"|"&R75&"|"&S75&"|"&T75&"|"&U75&"|"&V75&"|"&W75&"|"&X75 | AC75: =IF(COUNTIF($AB$2:AB75,AB75)>1,1,0) | AD75: =STDEV(F75:X75) | AE75: =IF(OR(AA75>=8,AC75=1,AD75=0),0,1) | AF75: =IF(AE75=1,"",IF(AC75=1,"Trùng",IF(AA75>=8,"Bỏ trống "&AA75&" ô","Chọn cùng một mức"))) | AG75: =IF($AE75=1,AVERAGE(F75:I75),"") | AH75: =IF($AE75=1,AVERAGE(J75:M75),"") | AI75: =IF($AE75=1,AVERAGE(N75:Q75),"") | AJ75: =IF($AE75=1,AVERAGE(R75:U75),"") | AK75: =IF($AE75=1,AVERAGE(V75:X75),"")
A76: 45725.934 | B76: 2 | C76: 2 | D76: 3 | E76: 1 | F76: 4 | G76: 3 | H76: 5 | I76: 3 | J76: 4 | K76: 4 | L76: 4 | M76: 4 | N76: 3 | O76: 4 | P76: 3 | Q76: 4 | R76: 4 | S76: 4 | T76: 5 | U76: 4 | V76: 4 | W76: 3 | X76: 4 | Y76: =INT(A76) | Z76: =IF(Y76<DATE(2025,3,6),1,IF(Y76<DATE(2025,3,13),2,3)) | AA76: =COUNTBLANK(B76:X76) | AB76: =B76&"|"&C76&"|"&D76&"|"&E76&"|"&F76&"|"&G76&"|"&H76&"|"&I76&"|"&J76&"|"&K76&"|"&L76&"|"&M76&"|"&N76&"|"&O76&"|"&P76&"|"&Q76&"|"&R76&"|"&S76&"|"&T76&"|"&U76&"|"&V76&"|"&W76&"|"&X76 | AC76: =IF(COUNTIF($AB$2:AB76,AB76)>1,1,0) | AD76: =STDEV(F76:X76) | AE76: =IF(OR(AA76>=8,AC76=1,AD76=0),0,1) | AF76: =IF(AE76=1,"",IF(AC76=1,"Trùng",IF(AA76>=8,"Bỏ trống "&AA76&" ô","Chọn cùng một mức"))) | AG76: =IF($AE76=1,AVERAGE(F76:I76),"") | AH76: =IF($AE76=1,AVERAGE(J76:M76),"") | AI76: =IF($AE76=1,AVERAGE(N76:Q76),"") | AJ76: =IF($AE76=1,AVERAGE(R76:U76),"") | AK76: =IF($AE76=1,AVERAGE(V76:X76),"")
A77: 45726.041 | B77: 1 | C77: 3 | D77: 2 | E77: 3 | F77: 4 | G77: 4 | H77: 5 | I77: 4 | J77: 4 | K77: 4 | L77: 5 | M77: 5 | N77: 4 | O77: 5 | P77: 4 | Q77: 5 | R77: 4 | S77: 3 | T77: 5 | U77: 5 | V77: 5 | W77: 4 | X77: 4 | Y77: =INT(A77) | Z77: =IF(Y77<DATE(2025,3,6),1,IF(Y77<DATE(2025,3,13),2,3)) | AA77: =COUNTBLANK(B77:X77) | AB77: =B77&"|"&C77&"|"&D77&"|"&E77&"|"&F77&"|"&G77&"|"&H77&"|"&I77&"|"&J77&"|"&K77&"|"&L77&"|"&M77&"|"&N77&"|"&O77&"|"&P77&"|"&Q77&"|"&R77&"|"&S77&"|"&T77&"|"&U77&"|"&V77&"|"&W77&"|"&X77 | AC77: =IF(COUNTIF($AB$2:AB77,AB77)>1,1,0) | AD77: =STDEV(F77:X77) | AE77: =IF(OR(AA77>=8,AC77=1,AD77=0),0,1) | AF77: =IF(AE77=1,"",IF(AC77=1,"Trùng",IF(AA77>=8,"Bỏ trống "&AA77&" ô","Chọn cùng một mức"))) | AG77: =IF($AE77=1,AVERAGE(F77:I77),"") | AH77: =IF($AE77=1,AVERAGE(J77:M77),"") | AI77: =IF($AE77=1,AVERAGE(N77:Q77),"") | AJ77: =IF($AE77=1,AVERAGE(R77:U77),"") | AK77: =IF($AE77=1,AVERAGE(V77:X77),"")
A78: 45726.209 | B78: 1 | C78: 4 | D78: 1 | E78: 1 | F78: 3 | G78: 3 | H78: 2 | I78: 3 | J78: 2 | K78: 2 | L78: 1 | M78: 2 | N78: 2 | O78: 3 | P78: 2 | Q78: 3 | R78: 2 | S78: 2 | T78: 2 | U78: 2 | V78: 2 | W78: 3 | X78: 2 | Y78: =INT(A78) | Z78: =IF(Y78<DATE(2025,3,6),1,IF(Y78<DATE(2025,3,13),2,3)) | AA78: =COUNTBLANK(B78:X78) | AB78: =B78&"|"&C78&"|"&D78&"|"&E78&"|"&F78&"|"&G78&"|"&H78&"|"&I78&"|"&J78&"|"&K78&"|"&L78&"|"&M78&"|"&N78&"|"&O78&"|"&P78&"|"&Q78&"|"&R78&"|"&S78&"|"&T78&"|"&U78&"|"&V78&"|"&W78&"|"&X78 | AC78: =IF(COUNTIF($AB$2:AB78,AB78)>1,1,0) | AD78: =STDEV(F78:X78) | AE78: =IF(OR(AA78>=8,AC78=1,AD78=0),0,1) | AF78: =IF(AE78=1,"",IF(AC78=1,"Trùng",IF(AA78>=8,"Bỏ trống "&AA78&" ô","Chọn cùng một mức"))) | AG78: =IF($AE78=1,AVERAGE(F78:I78),"") | AH78: =IF($AE78=1,AVERAGE(J78:M78),"") | AI78: =IF($AE78=1,AVERAGE(N78:Q78),"") | AJ78: =IF($AE78=1,AVERAGE(R78:U78),"") | AK78: =IF($AE78=1,AVERAGE(V78:X78),"")
A79: 45726.336 | B79: 1 | C79: 3 | D79: 3 | E79: 1 | F79: 2 | G79: 4 | H79: 3 | I79: 3 | J79: 4 | K79: 3 | L79: 3 | M79: 3 | N79: 4 | O79: 3 | P79: 4 | Q79: 2 | R79: 2 | S79: 4 | T79: 3 | U79: 4 | V79: 3 | W79: 3 | X79: 4 | Y79: =INT(A79) | Z79: =IF(Y79<DATE(2025,3,6),1,IF(Y79<DATE(2025,3,13),2,3)) | AA79: =COUNTBLANK(B79:X79) | AB79: =B79&"|"&C79&"|"&D79&"|"&E79&"|"&F79&"|"&G79&"|"&H79&"|"&I79&"|"&J79&"|"&K79&"|"&L79&"|"&M79&"|"&N79&"|"&O79&"|"&P79&"|"&Q79&"|"&R79&"|"&S79&"|"&T79&"|"&U79&"|"&V79&"|"&W79&"|"&X79 | AC79: =IF(COUNTIF($AB$2:AB79,AB79)>1,1,0) | AD79: =STDEV(F79:X79) | AE79: =IF(OR(AA79>=8,AC79=1,AD79=0),0,1) | AF79: =IF(AE79=1,"",IF(AC79=1,"Trùng",IF(AA79>=8,"Bỏ trống "&AA79&" ô","Chọn cùng một mức"))) | AG79: =IF($AE79=1,AVERAGE(F79:I79),"") | AH79: =IF($AE79=1,AVERAGE(J79:M79),"") | AI79: =IF($AE79=1,AVERAGE(N79:Q79),"") | AJ79: =IF($AE79=1,AVERAGE(R79:U79),"") | AK79: =IF($AE79=1,AVERAGE(V79:X79),"")
A80: 45726.353 | B80: 1 | C80: 2 | D80: 1 | E80: 2 | F80: 3 | G80: 2 | H80: 3 | I80: 4 | J80: 3 | K80: 3 | L80: 3 | M80: 4 | N80: 3 | O80: 3 | P80: 3 | Q80: 2 | R80: 4 | S80: 3 | T80: 3 | U80: 4 | V80: 2 | W80: 2 | X80: 2 | Y80: =INT(A80) | Z80: =IF(Y80<DATE(2025,3,6),1,IF(Y80<DATE(2025,3,13),2,3)) | AA80: =COUNTBLANK(B80:X80) | AB80: =B80&"|"&C80&"|"&D80&"|"&E80&"|"&F80&"|"&G80&"|"&H80&"|"&I80&"|"&J80&"|"&K80&"|"&L80&"|"&M80&"|"&N80&"|"&O80&"|"&P80&"|"&Q80&"|"&R80&"|"&S80&"|"&T80&"|"&U80&"|"&V80&"|"&W80&"|"&X80 | AC80: =IF(COUNTIF($AB$2:AB80,AB80)>1,1,0) | AD80: =STDEV(F80:X80) | AE80: =IF(OR(AA80>=8,AC80=1,AD80=0),0,1) | AF80: =IF(AE80=1,"",IF(AC80=1,"Trùng",IF(AA80>=8,"Bỏ trống "&AA80&" ô","Chọn cùng một mức"))) | AG80: =IF($AE80=1,AVERAGE(F80:I80),"") | AH80: =IF($AE80=1,AVERAGE(J80:M80),"") | AI80: =IF($AE80=1,AVERAGE(N80:Q80),"") | AJ80: =IF($AE80=1,AVERAGE(R80:U80),"") | AK80: =IF($AE80=1,AVERAGE(V80:X80),"")
A81: 45726.458 | B81: 1 | C81: 3 | D81: 1 | E81: 2 | F81: 4 | G81: 4 | H81: 5 | I81: 3 | J81: 4 | K81: 4 | L81: 4 | M81: 2 | N81: 3 | O81: 4 | P81: 3 | Q81: 4 | R81: 4 | S81: 4 | T81: 2 | U81: 3 | V81: 4 | W81: 4 | X81: 4 | Y81: =INT(A81) | Z81: =IF(Y81<DATE(2025,3,6),1,IF(Y81<DATE(2025,3,13),2,3)) | AA81: =COUNTBLANK(B81:X81) | AB81: =B81&"|"&C81&"|"&D81&"|"&E81&"|"&F81&"|"&G81&"|"&H81&"|"&I81&"|"&J81&"|"&K81&"|"&L81&"|"&M81&"|"&N81&"|"&O81&"|"&P81&"|"&Q81&"|"&R81&"|"&S81&"|"&T81&"|"&U81&"|"&V81&"|"&W81&"|"&X81 | AC81: =IF(COUNTIF($AB$2:AB81,AB81)>1,1,0) | AD81: =STDEV(F81:X81) | AE81: =IF(OR(AA81>=8,AC81=1,AD81=0),0,1) | AF81: =IF(AE81=1,"",IF(AC81=1,"Trùng",IF(AA81>=8,"Bỏ trống "&AA81&" ô","Chọn cùng một mức"))) | AG81: =IF($AE81=1,AVERAGE(F81:I81),"") | AH81: =IF($AE81=1,AVERAGE(J81:M81),"") | AI81: =IF($AE81=1,AVERAGE(N81:Q81),"") | AJ81: =IF($AE81=1,AVERAGE(R81:U81),"") | AK81: =IF($AE81=1,AVERAGE(V81:X81),"")
A82: 45726.464 | B82: 1 | C82: 2 | D82: 2 | E82: 1 | F82: 4 | G82: 5 | H82: 4 | I82: 5 | J82: 5 | K82: 4 | L82: 4 | M82: 4 | N82: 4 | O82: 3 | P82: 4 | Q82: 4 | R82: 5 | S82: 5 | T82: 5 | U82: 5 | V82: 5 | W82: 5 | X82: 4 | Y82: =INT(A82) | Z82: =IF(Y82<DATE(2025,3,6),1,IF(Y82<DATE(2025,3,13),2,3)) | AA82: =COUNTBLANK(B82:X82) | AB82: =B82&"|"&C82&"|"&D82&"|"&E82&"|"&F82&"|"&G82&"|"&H82&"|"&I82&"|"&J82&"|"&K82&"|"&L82&"|"&M82&"|"&N82&"|"&O82&"|"&P82&"|"&Q82&"|"&R82&"|"&S82&"|"&T82&"|"&U82&"|"&V82&"|"&W82&"|"&X82 | AC82: =IF(COUNTIF($AB$2:AB82,AB82)>1,1,0) | AD82: =STDEV(F82:X82) | AE82: =IF(OR(AA82>=8,AC82=1,AD82=0),0,1) | AF82: =IF(AE82=1,"",IF(AC82=1,"Trùng",IF(AA82>=8,"Bỏ trống "&AA82&" ô","Chọn cùng một mức"))) | AG82: =IF($AE82=1,AVERAGE(F82:I82),"") | AH82: =IF($AE82=1,AVERAGE(J82:M82),"") | AI82: =IF($AE82=1,AVERAGE(N82:Q82),"") | AJ82: =IF($AE82=1,AVERAGE(R82:U82),"") | AK82: =IF($AE82=1,AVERAGE(V82:X82),"")
A83: 45726.542 | B83: 2 | C83: 2 | D83: 3 | E83: 3 | F83: 4 | G83: 4 | H83: 4 | I83: 4 | J83: 3 | K83: 3 | L83: 3 | M83: 3 | N83: 3 | O83: 3 | P83: 3 | Q83: 4 | R83: 3 | S83: 2 | T83: 2 | U83: 2 | V83: 3 | W83: 3 | X83: 3 | Y83: =INT(A83) | Z83: =IF(Y83<DATE(2025,3,6),1,IF(Y83<DATE(2025,3,13),2,3)) | AA83: =COUNTBLANK(B83:X83) | AB83: =B83&"|"&C83&"|"&D83&"|"&E83&"|"&F83&"|"&G83&"|"&H83&"|"&I83&"|"&J83&"|"&K83&"|"&L83&"|"&M83&"|"&N83&"|"&O83&"|"&P83&"|"&Q83&"|"&R83&"|"&S83&"|"&T83&"|"&U83&"|"&V83&"|"&W83&"|"&X83 | AC83: =IF(COUNTIF($AB$2:AB83,AB83)>1,1,0) | AD83: =STDEV(F83:X83) | AE83: =IF(OR(AA83>=8,AC83=1,AD83=0),0,1) | AF83: =IF(AE83=1,"",IF(AC83=1,"Trùng",IF(AA83>=8,"Bỏ trống "&AA83&" ô","Chọn cùng một mức"))) | AG83: =IF($AE83=1,AVERAGE(F83:I83),"") | AH83: =IF($AE83=1,AVERAGE(J83:M83),"") | AI83: =IF($AE83=1,AVERAGE(N83:Q83),"") | AJ83: =IF($AE83=1,AVERAGE(R83:U83),"") | AK83: =IF($AE83=1,AVERAGE(V83:X83),"")
A84: 45726.624 | B84: 1 | C84: 2 | D84: 1 | E84: 3 | F84: 4 | G84: 4 | H84: 3 | I84: 4 | J84: 3 | K84: 4 | L84: 4 | M84: 4 | N84: 3 | O84: 3 | P84: 3 | Q84: 3 | R84: 3 | S84: 3 | T84: 4 | U84: 4 | V84: 3 | W84: 4 | X84: 3 | Y84: =INT(A84) | Z84: =IF(Y84<DATE(2025,3,6),1,IF(Y84<DATE(2025,3,13),2,3)) | AA84: =COUNTBLANK(B84:X84) | AB84: =B84&"|"&C84&"|"&D84&"|"&E84&"|"&F84&"|"&G84&"|"&H84&"|"&I84&"|"&J84&"|"&K84&"|"&L84&"|"&M84&"|"&N84&"|"&O84&"|"&P84&"|"&Q84&"|"&R84&"|"&S84&"|"&T84&"|"&U84&"|"&V84&"|"&W84&"|"&X84 | AC84: =IF(COUNTIF($AB$2:AB84,AB84)>1,1,0) | AD84: =STDEV(F84:X84) | AE84: =IF(OR(AA84>=8,AC84=1,AD84=0),0,1) | AF84: =IF(AE84=1,"",IF(AC84=1,"Trùng",IF(AA84>=8,"Bỏ trống "&AA84&" ô","Chọn cùng một mức"))) | AG84: =IF($AE84=1,AVERAGE(F84:I84),"") | AH84: =IF($AE84=1,AVERAGE(J84:M84),"") | AI84: =IF($AE84=1,AVERAGE(N84:Q84),"") | AJ84: =IF($AE84=1,AVERAGE(R84:U84),"") | AK84: =IF($AE84=1,AVERAGE(V84:X84),"")
A85: 45726.626 | B85: 2 | C85: 2 | D85: 3 | E85: 2 | F85: 3 | G85: 2 | H85: 3 | I85: 3 | J85: 3 | K85: 3 | L85: 3 | M85: 3 | N85: 5 | O85: 4 | P85: 4 | Q85: 5 | R85: 2 | S85: 2 | T85: 2 | U85: 2 | V85: 4 | W85: 4 | X85: 5 | Y85: =INT(A85) | Z85: =IF(Y85<DATE(2025,3,6),1,IF(Y85<DATE(2025,3,13),2,3)) | AA85: =COUNTBLANK(B85:X85) | AB85: =B85&"|"&C85&"|"&D85&"|"&E85&"|"&F85&"|"&G85&"|"&H85&"|"&I85&"|"&J85&"|"&K85&"|"&L85&"|"&M85&"|"&N85&"|"&O85&"|"&P85&"|"&Q85&"|"&R85&"|"&S85&"|"&T85&"|"&U85&"|"&V85&"|"&W85&"|"&X85 | AC85: =IF(COUNTIF($AB$2:AB85,AB85)>1,1,0) | AD85: =STDEV(F85:X85) | AE85: =IF(OR(AA85>=8,AC85=1,AD85=0),0,1) | AF85: =IF(AE85=1,"",IF(AC85=1,"Trùng",IF(AA85>=8,"Bỏ trống "&AA85&" ô","Chọn cùng một mức"))) | AG85: =IF($AE85=1,AVERAGE(F85:I85),"") | AH85: =IF($AE85=1,AVERAGE(J85:M85),"") | AI85: =IF($AE85=1,AVERAGE(N85:Q85),"") | AJ85: =IF($AE85=1,AVERAGE(R85:U85),"") | AK85: =IF($AE85=1,AVERAGE(V85:X85),"")
A86: 45726.801 | B86: 2 | C86: 2 | D86: 2 | E86: 3 | F86: 3 | G86: 4 | H86: 4 | I86: 5 | J86: 4 | K86: 5 | L86: 5 | M86: 5 | N86: 2 | O86: 3 | P86: 4 | Q86: 3 | R86: 2 | S86: 2 | T86: 4 | U86: 3 | V86: 4 | W86: 4 | X86: 4 | Y86: =INT(A86) | Z86: =IF(Y86<DATE(2025,3,6),1,IF(Y86<DATE(2025,3,13),2,3)) | AA86: =COUNTBLANK(B86:X86) | AB86: =B86&"|"&C86&"|"&D86&"|"&E86&"|"&F86&"|"&G86&"|"&H86&"|"&I86&"|"&J86&"|"&K86&"|"&L86&"|"&M86&"|"&N86&"|"&O86&"|"&P86&"|"&Q86&"|"&R86&"|"&S86&"|"&T86&"|"&U86&"|"&V86&"|"&W86&"|"&X86 | AC86: =IF(COUNTIF($AB$2:AB86,AB86)>1,1,0) | AD86: =STDEV(F86:X86) | AE86: =IF(OR(AA86>=8,AC86=1,AD86=0),0,1) | AF86: =IF(AE86=1,"",IF(AC86=1,"Trùng",IF(AA86>=8,"Bỏ trống "&AA86&" ô","Chọn cùng một mức"))) | AG86: =IF($AE86=1,AVERAGE(F86:I86),"") | AH86: =IF($AE86=1,AVERAGE(J86:M86),"") | AI86: =IF($AE86=1,AVERAGE(N86:Q86),"") | AJ86: =IF($AE86=1,AVERAGE(R86:U86),"") | AK86: =IF($AE86=1,AVERAGE(V86:X86),"")
... A102: 45728.228 | B102: 1 | C102: 2 | D102: 2 | E102: 1 | F102: 5 | G102: 5 | H102: 5 | I102: 5 | J102: 4 | K102: 3 | L102: 4 | M102: 4 | N102: 4 | O102: 2 | P102: 3 | Q102: 3 | R102: 5 | S102: 5 | T102: 5 | U102: 5 | V102: 4 | W102: 4 | X102: 4 | Y102: =INT(A102) | Z102: =IF(Y102<DATE(2025,3,6),1,IF(Y102<DATE(2025,3,13),2,3)) | AA102: =COUNTBLANK(B102:X102) | AB102: =B102&"|"&C102&"|"&D102&"|"&E102&"|"&F102&"|"&G102&"|"&H102&"|"&I102&"|"&J102&"|"&K102&"|"&L102&"|"&M102&"|"&N102&"|"&O102&"|"&P102&"|"&Q102&"|"&R102&"|"&S102&"|"&T102&"|"&U102&"|"&V102&"|"&W102&"|"&X102 | AC102: =IF(COUNTIF($AB$2:AB102,AB102)>1,1,0) | AD102: =STDEV(F102:X102) | AE102: =IF(OR(AA102>=8,AC102=1,AD102=0),0,1) | AF102: =IF(AE102=1,"",IF(AC102=1,"Trùng",IF(AA102>=8,"Bỏ trống "&AA102&" ô","Chọn cùng một mức"))) | AG102: =IF($AE102=1,AVERAGE(F102:I102),"") | AH102: =IF($AE102=1,AVERAGE(J102:M102),"") | AI102: =IF($AE102=1,AVERAGE(N102:Q102),"") | AJ102: =IF($AE102=1,AVERAGE(R102:U102),"") | AK102: =IF($AE102=1,AVERAGE(V102:X102),"")
A103: 45728.423 | B103: 1 | C103: 1 | D103: 5 | E103: 4 | F103: 3 | G103: 4 | I103: 3 | J103: 4 | L103: 5 | N103: 2 | Y103: =INT(A103) | Z103: =IF(Y103<DATE(2025,3,6),1,IF(Y103<DATE(2025,3,13),2,3)) | AA103: =COUNTBLANK(B103:X103) | AB103: =B103&"|"&C103&"|"&D103&"|"&E103&"|"&F103&"|"&G103&"|"&H103&"|"&I103&"|"&J103&"|"&K103&"|"&L103&"|"&M103&"|"&N103&"|"&O103&"|"&P103&"|"&Q103&"|"&R103&"|"&S103&"|"&T103&"|"&U103&"|"&V103&"|"&W103&"|"&X103 | AC103: =IF(COUNTIF($AB$2:AB103,AB103)>1,1,0) | AD103: =STDEV(F103:X103) | AE103: =IF(OR(AA103>=8,AC103=1,AD103=0),0,1) | AF103: =IF(AE103=1,"",IF(AC103=1,"Trùng",IF(AA103>=8,"Bỏ trống "&AA103&" ô","Chọn cùng một mức"))) | AG103: =IF($AE103=1,AVERAGE(F103:I103),"") | AH103: =IF($AE103=1,AVERAGE(J103:M103),"") | AI103: =IF($AE103=1,AVERAGE(N103:Q103),"") | AJ103: =IF($AE103=1,AVERAGE(R103:U103),"") | AK103: =IF($AE103=1,AVERAGE(V103:X103),"")
A104: 45728.56 | B104: 2 | C104: 1 | D104: 1 | E104: 2 | F104: 5 | G104: 5 | H104: 4 | I104: 5 | J104: 3 | K104: 3 | L104: 3 | M104: 4 | N104: 3 | O104: 4 | P104: 4 | Q104: 4 | R104: 4 | S104: 4 | T104: 3 | U104: 4 | V104: 4 | W104: 3 | X104: 5 | Y104: =INT(A104) | Z104: =IF(Y104<DATE(2025,3,6),1,IF(Y104<DATE(2025,3,13),2,3)) | AA104: =COUNTBLANK(B104:X104) | AB104: =B104&"|"&C104&"|"&D104&"|"&E104&"|"&F104&"|"&G104&"|"&H104&"|"&I104&"|"&J104&"|"&K104&"|"&L104&"|"&M104&"|"&N104&"|"&O104&"|"&P104&"|"&Q104&"|"&R104&"|"&S104&"|"&T104&"|"&U104&"|"&V104&"|"&W104&"|"&X104 | AC104: =IF(COUNTIF($AB$2:AB104,AB104)>1,1,0) | AD104: =STDEV(F104:X104) | AE104: =IF(OR(AA104>=8,AC104=1,AD104=0),0,1) | AF104: =IF(AE104=1,"",IF(AC104=1,"Trùng",IF(AA104>=8,"Bỏ trống "&AA104&" ô","Chọn cùng một mức"))) | AG104: =IF($AE104=1,AVERAGE(F104:I104),"") | AH104: =IF($AE104=1,AVERAGE(J104:M104),"") | AI104: =IF($AE104=1,AVERAGE(N104:Q104),"") | AJ104: =IF($AE104=1,AVERAGE(R104:U104),"") | AK104: =IF($AE104=1,AVERAGE(V104:X104),"")
A105: 45728.561 | B105: 2 | C105: 1 | D105: 1 | E105: 2 | F105: 5 | G105: 5 | H105: 4 | I105: 5 | J105: 3 | K105: 3 | L105: 3 | M105: 4 | N105: 3 | O105: 4 | P105: 4 | Q105: 4 | R105: 4 | S105: 4 | T105: 3 | U105: 4 | V105: 4 | W105: 3 | X105: 5 | Y105: =INT(A105) | Z105: =IF(Y105<DATE(2025,3,6),1,IF(Y105<DATE(2025,3,13),2,3)) | AA105: =COUNTBLANK(B105:X105) | AB105: =B105&"|"&C105&"|"&D105&"|"&E105&"|"&F105&"|"&G105&"|"&H105&"|"&I105&"|"&J105&"|"&K105&"|"&L105&"|"&M105&"|"&N105&"|"&O105&"|"&P105&"|"&Q105&"|"&R105&"|"&S105&"|"&T105&"|"&U105&"|"&V105&"|"&W105&"|"&X105 | AC105: =IF(COUNTIF($AB$2:AB105,AB105)>1,1,0) | AD105: =STDEV(F105:X105) | AE105: =IF(OR(AA105>=8,AC105=1,AD105=0),0,1) | AF105: =IF(AE105=1,"",IF(AC105=1,"Trùng",IF(AA105>=8,"Bỏ trống "&AA105&" ô","Chọn cùng một mức"))) | AG105: =IF($AE105=1,AVERAGE(F105:I105),"") | AH105: =IF($AE105=1,AVERAGE(J105:M105),"") | AI105: =IF($AE105=1,AVERAGE(N105:Q105),"") | AJ105: =IF($AE105=1,AVERAGE(R105:U105),"") | AK105: =IF($AE105=1,AVERAGE(V105:X105),"")
A106: 45728.643 | B106: 1 | C106: 1 | D106: 1 | E106: 2 | F106: 3 | G106: 3 | H106: 4 | I106: 3 | J106: 4 | K106: 4 | L106: 5 | M106: 4 | N106: 3 | O106: 2 | P106: 2 | Q106: 3 | R106: 4 | S106: 4 | T106: 3 | U106: 4 | V106: 3 | W106: 4 | X106: 2 | Y106: =INT(A106) | Z106: =IF(Y106<DATE(2025,3,6),1,IF(Y106<DATE(2025,3,13),2,3)) | AA106: =COUNTBLANK(B106:X106) | AB106: =B106&"|"&C106&"|"&D106&"|"&E106&"|"&F106&"|"&G106&"|"&H106&"|"&I106&"|"&J106&"|"&K106&"|"&L106&"|"&M106&"|"&N106&"|"&O106&"|"&P106&"|"&Q106&"|"&R106&"|"&S106&"|"&T106&"|"&U106&"|"&V106&"|"&W106&"|"&X106 | AC106: =IF(COUNTIF($AB$2:AB106,AB106)>1,1,0) | AD106: =STDEV(F106:X106) | AE106: =IF(OR(AA106>=8,AC106=1,AD106=0),0,1) | AF106: =IF(AE106=1,"",IF(AC106=1,"Trùng",IF(AA106>=8,"Bỏ trống "&AA106&" ô","Chọn cùng một mức"))) | AG106: =IF($AE106=1,AVERAGE(F106:I106),"") | AH106: =IF($AE106=1,AVERAGE(J106:M106),"") | AI106: =IF($AE106=1,AVERAGE(N106:Q106),"") | AJ106: =IF($AE106=1,AVERAGE(R106:U106),"") | AK106: =IF($AE106=1,AVERAGE(V106:X106),"")
A107: 45728.985 | B107: 2 | C107: 1 | D107: 1 | E107: 2 | F107: 4 | G107: 4 | H107: 5 | I107: 4 | J107: 3 | K107: 2 | L107: 4 | M107: 2 | N107: 4 | O107: 3 | P107: 4 | Q107: 4 | R107: 3 | S107: 3 | T107: 4 | U107: 3 | V107: 5 | W107: 4 | X107: 4 | Y107: =INT(A107) | Z107: =IF(Y107<DATE(2025,3,6),1,IF(Y107<DATE(2025,3,13),2,3)) | AA107: =COUNTBLANK(B107:X107) | AB107: =B107&"|"&C107&"|"&D107&"|"&E107&"|"&F107&"|"&G107&"|"&H107&"|"&I107&"|"&J107&"|"&K107&"|"&L107&"|"&M107&"|"&N107&"|"&O107&"|"&P107&"|"&Q107&"|"&R107&"|"&S107&"|"&T107&"|"&U107&"|"&V107&"|"&W107&"|"&X107 | AC107: =IF(COUNTIF($AB$2:AB107,AB107)>1,1,0) | AD107: =STDEV(F107:X107) | AE107: =IF(OR(AA107>=8,AC107=1,AD107=0),0,1) | AF107: =IF(AE107=1,"",IF(AC107=1,"Trùng",IF(AA107>=8,"Bỏ trống "&AA107&" ô","Chọn cùng một mức"))) | AG107: =IF($AE107=1,AVERAGE(F107:I107),"") | AH107: =IF($AE107=1,AVERAGE(J107:M107),"") | AI107: =IF($AE107=1,AVERAGE(N107:Q107),"") | AJ107: =IF($AE107=1,AVERAGE(R107:U107),"") | AK107: =IF($AE107=1,AVERAGE(V107:X107),"")
A108: 45728.995 | B108: 4 | C108: 5 | D108: 4 | E108: 2 | G108: 5 | H108: 2 | O108: 3 | V108: 2 | Y108: =INT(A108) | Z108: =IF(Y108<DATE(2025,3,6),1,IF(Y108<DATE(2025,3,13),2,3)) | AA108: =COUNTBLANK(B108:X108) | AB108: =B108&"|"&C108&"|"&D108&"|"&E108&"|"&F108&"|"&G108&"|"&H108&"|"&I108&"|"&J108&"|"&K108&"|"&L108&"|"&M108&"|"&N108&"|"&O108&"|"&P108&"|"&Q108&"|"&R108&"|"&S108&"|"&T108&"|"&U108&"|"&V108&"|"&W108&"|"&X108 | AC108: =IF(COUNTIF($AB$2:AB108,AB108)>1,1,0) | AD108: =STDEV(F108:X108) | AE108: =IF(OR(AA108>=8,AC108=1,AD108=0),0,1) | AF108: =IF(AE108=1,"",IF(AC108=1,"Trùng",IF(AA108>=8,"Bỏ trống "&AA108&" ô","Chọn cùng một mức"))) | AG108: =IF($AE108=1,AVERAGE(F108:I108),"") | AH108: =IF($AE108=1,AVERAGE(J108:M108),"") | AI108: =IF($AE108=1,AVERAGE(N108:Q108),"") | AJ108: =IF($AE108=1,AVERAGE(R108:U108),"") | AK108: =IF($AE108=1,AVERAGE(V108:X108),"")
A109: 45729.004 | B109: 2 | C109: 3 | D109: 1 | E109: 2 | F109: 3 | G109: 4 | H109: 3 | I109: 4 | J109: 3 | K109: 4 | L109: 4 | M109: 4 | N109: 3 | O109: 1 | Q109: 1 | R109: 3 | S109: 3 | T109: 4 | U109: 4 | V109: 2 | W109: 3 | X109: 3 | Y109: =INT(A109) | Z109: =IF(Y109<DATE(2025,3,6),1,IF(Y109<DATE(2025,3,13),2,3)) | AA109: =COUNTBLANK(B109:X109) | AB109: =B109&"|"&C109&"|"&D109&"|"&E109&"|"&F109&"|"&G109&"|"&H109&"|"&I109&"|"&J109&"|"&K109&"|"&L109&"|"&M109&"|"&N109&"|"&O109&"|"&P109&"|"&Q109&"|"&R109&"|"&S109&"|"&T109&"|"&U109&"|"&V109&"|"&W109&"|"&X109 | AC109: =IF(COUNTIF($AB$2:AB109,AB109)>1,1,0) | AD109: =STDEV(F109:X109) | AE109: =IF(OR(AA109>=8,AC109=1,AD109=0),0,1) | AF109: =IF(AE109=1,"",IF(AC109=1,"Trùng",IF(AA109>=8,"Bỏ trống "&AA109&" ô","Chọn cùng một mức"))) | AG109: =IF($AE109=1,AVERAGE(F109:I109),"") | AH109: =IF($AE109=1,AVERAGE(J109:M109),"") | AI109: =IF($AE109=1,AVERAGE(N109:Q109),"") | AJ109: =IF($AE109=1,AVERAGE(R109:U109),"") | AK109: =IF($AE109=1,AVERAGE(V109:X109),"")
A110: 45729.024 | B110: 1 | C110: 2 | D110: 1 | E110: 3 | F110: 3 | G110: 4 | H110: 3 | I110: 3 | J110: 3 | K110: 4 | L110: 2 | M110: 3 | N110: 3 | O110: 2 | P110: 3 | Q110: 4 | R110: 3 | S110: 4 | T110: 2 | U110: 3 | V110: 3 | W110: 3 | X110: 3 | Y110: =INT(A110) | Z110: =IF(Y110<DATE(2025,3,6),1,IF(Y110<DATE(2025,3,13),2,3)) | AA110: =COUNTBLANK(B110:X110) | AB110: =B110&"|"&C110&"|"&D110&"|"&E110&"|"&F110&"|"&G110&"|"&H110&"|"&I110&"|"&J110&"|"&K110&"|"&L110&"|"&M110&"|"&N110&"|"&O110&"|"&P110&"|"&Q110&"|"&R110&"|"&S110&"|"&T110&"|"&U110&"|"&V110&"|"&W110&"|"&X110 | AC110: =IF(COUNTIF($AB$2:AB110,AB110)>1,1,0) | AD110: =STDEV(F110:X110) | AE110: =IF(OR(AA110>=8,AC110=1,AD110=0),0,1) | AF110: =IF(AE110=1,"",IF(AC110=1,"Trùng",IF(AA110>=8,"Bỏ trống "&AA110&" ô","Chọn cùng một mức"))) | AG110: =IF($AE110=1,AVERAGE(F110:I110),"") | AH110: =IF($AE110=1,AVERAGE(J110:M110),"") | AI110: =IF($AE110=1,AVERAGE(N110:Q110),"") | AJ110: =IF($AE110=1,AVERAGE(R110:U110),"") | AK110: =IF($AE110=1,AVERAGE(V110:X110),"")
A111: 45729.044 | B111: 2 | C111: 1 | D111: 2 | E111: 2 | F111: 4 | G111: 4 | H111: 3 | I111: 4 | J111: 5 | K111: 5 | L111: 4 | M111: 5 | N111: 3 | O111: 3 | P111: 3 | Q111: 3 | R111: 3 | S111: 4 | T111: 4 | U111: 4 | V111: 3 | W111: 3 | X111: 3 | Y111: =INT(A111) | Z111: =IF(Y111<DATE(2025,3,6),1,IF(Y111<DATE(2025,3,13),2,3)) | AA111: =COUNTBLANK(B111:X111) | AB111: =B111&"|"&C111&"|"&D111&"|"&E111&"|"&F111&"|"&G111&"|"&H111&"|"&I111&"|"&J111&"|"&K111&"|"&L111&"|"&M111&"|"&N111&"|"&O111&"|"&P111&"|"&Q111&"|"&R111&"|"&S111&"|"&T111&"|"&U111&"|"&V111&"|"&W111&"|"&X111 | AC111: =IF(COUNTIF($AB$2:AB111,AB111)>1,1,0) | AD111: =STDEV(F111:X111) | AE111: =IF(OR(AA111>=8,AC111=1,AD111=0),0,1) | AF111: =IF(AE111=1,"",IF(AC111=1,"Trùng",IF(AA111>=8,"Bỏ trống "&AA111&" ô","Chọn cùng một mức"))) | AG111: =IF($AE111=1,AVERAGE(F111:I111),"") | AH111: =IF($AE111=1,AVERAGE(J111:M111),"") | AI111: =IF($AE111=1,AVERAGE(N111:Q111),"") | AJ111: =IF($AE111=1,AVERAGE(R111:U111),"") | AK111: =IF($AE111=1,AVERAGE(V111:X111),"")
A112: 45729.058 | B112: 1 | C112: 4 | D112: 1 | E112: 2 | F112: 2 | G112: 3 | H112: 3 | I112: 3 | J112: 2 | K112: 3 | L112: 2 | M112: 2 | N112: 3 | O112: 3 | P112: 3 | Q112: 4 | R112: 4 | S112: 4 | T112: 5 | U112: 5 | V112: 4 | W112: 4 | X112: 3 | Y112: =INT(A112) | Z112: =IF(Y112<DATE(2025,3,6),1,IF(Y112<DATE(2025,3,13),2,3)) | AA112: =COUNTBLANK(B112:X112) | AB112: =B112&"|"&C112&"|"&D112&"|"&E112&"|"&F112&"|"&G112&"|"&H112&"|"&I112&"|"&J112&"|"&K112&"|"&L112&"|"&M112&"|"&N112&"|"&O112&"|"&P112&"|"&Q112&"|"&R112&"|"&S112&"|"&T112&"|"&U112&"|"&V112&"|"&W112&"|"&X112 | AC112: =IF(COUNTIF($AB$2:AB112,AB112)>1,1,0) | AD112: =STDEV(F112:X112) | AE112: =IF(OR(AA112>=8,AC112=1,AD112=0),0,1) | AF112: =IF(AE112=1,"",IF(AC112=1,"Trùng",IF(AA112>=8,"Bỏ trống "&AA112&" ô","Chọn cùng một mức"))) | AG112: =IF($AE112=1,AVERAGE(F112:I112),"") | AH112: =IF($AE112=1,AVERAGE(J112:M112),"") | AI112: =IF($AE112=1,AVERAGE(N112:Q112),"") | AJ112: =IF($AE112=1,AVERAGE(R112:U112),"") | AK112: =IF($AE112=1,AVERAGE(V112:X112),"")
A113: 45729.175 | B113: 1 | C113: 1 | D113: 3 | E113: 1 | F113: 4 | G113: 3 | H113: 2 | I113: 3 | J113: 4 | K113: 4 | L113: 5 | M113: 4 | N113: 2 | O113: 2 | P113: 2 | Q113: 3 | R113: 3 | S113: 2 | T113: 2 | U113: 3 | V113: 2 | W113: 1 | X113: 2 | Y113: =INT(A113) | Z113: =IF(Y113<DATE(2025,3,6),1,IF(Y113<DATE(2025,3,13),2,3)) | AA113: =COUNTBLANK(B113:X113) | AB113: =B113&"|"&C113&"|"&D113&"|"&E113&"|"&F113&"|"&G113&"|"&H113&"|"&I113&"|"&J113&"|"&K113&"|"&L113&"|"&M113&"|"&N113&"|"&O113&"|"&P113&"|"&Q113&"|"&R113&"|"&S113&"|"&T113&"|"&U113&"|"&V113&"|"&W113&"|"&X113 | AC113: =IF(COUNTIF($AB$2:AB113,AB113)>1,1,0) | AD113: =STDEV(F113:X113) | AE113: =IF(OR(AA113>=8,AC113=1,AD113=0),0,1) | AF113: =IF(AE113=1,"",IF(AC113=1,"Trùng",IF(AA113>=8,"Bỏ trống "&AA113&" ô","Chọn cùng một mức"))) | AG113: =IF($AE113=1,AVERAGE(F113:I113),"") | AH113: =IF($AE113=1,AVERAGE(J113:M113),"") | AI113: =IF($AE113=1,AVERAGE(N113:Q113),"") | AJ113: =IF($AE113=1,AVERAGE(R113:U113),"") | AK113: =IF($AE113=1,AVERAGE(V113:X113),"")
A114: 45729.188 | B114: 1 | C114: 1 | D114: 2 | E114: 3 | F114: 4 | G114: 3 | H114: 5 | I114: 5 | J114: 5 | K114: 5 | L114: 4 | M114: 4 | N114: 3 | O114: 4 | P114: 4 | Q114: 4 | R114: 4 | S114: 4 | T114: 3 | U114: 3 | V114: 4 | W114: 4 | X114: 3 | Y114: =INT(A114) | Z114: =IF(Y114<DATE(2025,3,6),1,IF(Y114<DATE(2025,3,13),2,3)) | AA114: =COUNTBLANK(B114:X114) | AB114: =B114&"|"&C114&"|"&D114&"|"&E114&"|"&F114&"|"&G114&"|"&H114&"|"&I114&"|"&J114&"|"&K114&"|"&L114&"|"&M114&"|"&N114&"|"&O114&"|"&P114&"|"&Q114&"|"&R114&"|"&S114&"|"&T114&"|"&U114&"|"&V114&"|"&W114&"|"&X114 | AC114: =IF(COUNTIF($AB$2:AB114,AB114)>1,1,0) | AD114: =STDEV(F114:X114) | AE114: =IF(OR(AA114>=8,AC114=1,AD114=0),0,1) | AF114: =IF(AE114=1,"",IF(AC114=1,"Trùng",IF(AA114>=8,"Bỏ trống "&AA114&" ô","Chọn cùng một mức"))) | AG114: =IF($AE114=1,AVERAGE(F114:I114),"") | AH114: =IF($AE114=1,AVERAGE(J114:M114),"") | AI114: =IF($AE114=1,AVERAGE(N114:Q114),"") | AJ114: =IF($AE114=1,AVERAGE(R114:U114),"") | AK114: =IF($AE114=1,AVERAGE(V114:X114),"")
A115: 45729.238 | B115: 1 | C115: 1 | D115: 2 | E115: 2 | F115: 5 | G115: 5 | H115: 5 | I115: 4 | J115: 3 | K115: 3 | L115: 4 | M115: 2 | N115: 3 | O115: 2 | P115: 4 | Q115: 3 | R115: 4 | S115: 3 | T115: 2 | U115: 4 | V115: 4 | W115: 4 | X115: 4 | Y115: =INT(A115) | Z115: =IF(Y115<DATE(2025,3,6),1,IF(Y115<DATE(2025,3,13),2,3)) | AA115: =COUNTBLANK(B115:X115) | AB115: =B115&"|"&C115&"|"&D115&"|"&E115&"|"&F115&"|"&G115&"|"&H115&"|"&I115&"|"&J115&"|"&K115&"|"&L115&"|"&M115&"|"&N115&"|"&O115&"|"&P115&"|"&Q115&"|"&R115&"|"&S115&"|"&T115&"|"&U115&"|"&V115&"|"&W115&"|"&X115 | AC115: =IF(COUNTIF($AB$2:AB115,AB115)>1,1,0) | AD115: =STDEV(F115:X115) | AE115: =IF(OR(AA115>=8,AC115=1,AD115=0),0,1) | AF115: =IF(AE115=1,"",IF(AC115=1,"Trùng",IF(AA115>=8,"Bỏ trống "&AA115&" ô","Chọn cùng một mức"))) | AG115: =IF($AE115=1,AVERAGE(F115:I115),"") | AH115: =IF($AE115=1,AVERAGE(J115:M115),"") | AI115: =IF($AE115=1,AVERAGE(N115:Q115),"") | AJ115: =IF($AE115=1,AVERAGE(R115:U115),"") | AK115: =IF($AE115=1,AVERAGE(V115:X115),"")
A116: 45729.276 | B116: 2 | C116: 3 | D116: 2 | E116: 3 | F116: 3 | G116: 3 | H116: 4 | I116: 4 | J116: 4 | K116: 5 | L116: 4 | M116: 3 | N116: 4 | O116: 3 | P116: 3 | Q116: 5 | R116: 4 | S116: 4 | T116: 5 | U116: 5 | V116: 5 | W116: 4 | X116: 5 | Y116: =INT(A116) | Z116: =IF(Y116<DATE(2025,3,6),1,IF(Y116<DATE(2025,3,13),2,3)) | AA116: =COUNTBLANK(B116:X116) | AB116: =B116&"|"&C116&"|"&D116&"|"&E116&"|"&F116&"|"&G116&"|"&H116&"|"&I116&"|"&J116&"|"&K116&"|"&L116&"|"&M116&"|"&N116&"|"&O116&"|"&P116&"|"&Q116&"|"&R116&"|"&S116&"|"&T116&"|"&U116&"|"&V116&"|"&W116&"|"&X116 | AC116: =IF(COUNTIF($AB$2:AB116,AB116)>1,1,0) | AD116: =STDEV(F116:X116) | AE116: =IF(OR(AA116>=8,AC116=1,AD116=0),0,1) | AF116: =IF(AE116=1,"",IF(AC116=1,"Trùng",IF(AA116>=8,"Bỏ trống "&AA116&" ô","Chọn cùng một mức"))) | AG116: =IF($AE116=1,AVERAGE(F116:I116),"") | AH116: =IF($AE116=1,AVERAGE(J116:M116),"") | AI116: =IF($AE116=1,AVERAGE(N116:Q116),"") | AJ116: =IF($AE116=1,AVERAGE(R116:U116),"") | AK116: =IF($AE116=1,AVERAGE(V116:X116),"")
A117: 45729.328 | B117: 2 | C117: 1 | D117: 3 | E117: 3 | F117: 5 | G117: 4 | H117: 4 | I117: 5 | J117: 3 | K117: 3 | L117: 5 | M117: 5 | N117: 4 | O117: 4 | P117: 5 | Q117: 5 | R117: 4 | S117: 3 | T117: 3 | U117: 3 | V117: 3 | W117: 4 | X117: 4 | Y117: =INT(A117) | Z117: =IF(Y117<DATE(2025,3,6),1,IF(Y117<DATE(2025,3,13),2,3)) | AA117: =COUNTBLANK(B117:X117) | AB117: =B117&"|"&C117&"|"&D117&"|"&E117&"|"&F117&"|"&G117&"|"&H117&"|"&I117&"|"&J117&"|"&K117&"|"&L117&"|"&M117&"|"&N117&"|"&O117&"|"&P117&"|"&Q117&"|"&R117&"|"&S117&"|"&T117&"|"&U117&"|"&V117&"|"&W117&"|"&X117 | AC117: =IF(COUNTIF($AB$2:AB117,AB117)>1,1,0) | AD117: =STDEV(F117:X117) | AE117: =IF(OR(AA117>=8,AC117=1,AD117=0),0,1) | AF117: =IF(AE117=1,"",IF(AC117=1,"Trùng",IF(AA117>=8,"Bỏ trống "&AA117&" ô","Chọn cùng một mức"))) | AG117: =IF($AE117=1,AVERAGE(F117:I117),"") | AH117: =IF($AE117=1,AVERAGE(J117:M117),"") | AI117: =IF($AE117=1,AVERAGE(N117:Q117),"") | AJ117: =IF($AE117=1,AVERAGE(R117:U117),"") | AK117: =IF($AE117=1,AVERAGE(V117:X117),"")
A118: 45729.421 | B118: 1 | C118: 1 | D118: 2 | E118: 3 | F118: 5 | G118: 4 | H118: 4 | I118: 4 | J118: 5 | K118: 5 | L118: 4 | M118: 5 | N118: 5 | O118: 5 | P118: 5 | Q118: 5 | R118: 4 | S118: 5 | T118: 5 | U118: 4 | V118: 5 | W118: 5 | X118: 4 | Y118: =INT(A118) | Z118: =IF(Y118<DATE(2025,3,6),1,IF(Y118<DATE(2025,3,13),2,3)) | AA118: =COUNTBLANK(B118:X118) | AB118: =B118&"|"&C118&"|"&D118&"|"&E118&"|"&F118&"|"&G118&"|"&H118&"|"&I118&"|"&J118&"|"&K118&"|"&L118&"|"&M118&"|"&N118&"|"&O118&"|"&P118&"|"&Q118&"|"&R118&"|"&S118&"|"&T118&"|"&U118&"|"&V118&"|"&W118&"|"&X118 | AC118: =IF(COUNTIF($AB$2:AB118,AB118)>1,1,0) | AD118: =STDEV(F118:X118) | AE118: =IF(OR(AA118>=8,AC118=1,AD118=0),0,1) | AF118: =IF(AE118=1,"",IF(AC118=1,"Trùng",IF(AA118>=8,"Bỏ trống "&AA118&" ô","Chọn cùng một mức"))) | AG118: =IF($AE118=1,AVERAGE(F118:I118),"") | AH118: =IF($AE118=1,AVERAGE(J118:M118),"") | AI118: =IF($AE118=1,AVERAGE(N118:Q118),"") | AJ118: =IF($AE118=1,AVERAGE(R118:U118),"") | AK118: =IF($AE118=1,AVERAGE(V118:X118),"")
A119: 45729.692 | B119: 2 | C119: 4 | D119: 1 | E119: 2 | F119: 5 | G119: 5 | H119: 5 | I119: 5 | J119: 4 | K119: 4 | L119: 4 | M119: 5 | N119: 3 | O119: 3 | P119: 4 | Q119: 3 | R119: 4 | S119: 4 | T119: 4 | U119: 5 | V119: 4 | W119: 4 | X119: 3 | Y119: =INT(A119) | Z119: =IF(Y119<DATE(2025,3,6),1,IF(Y119<DATE(2025,3,13),2,3)) | AA119: =COUNTBLANK(B119:X119) | AB119: =B119&"|"&C119&"|"&D119&"|"&E119&"|"&F119&"|"&G119&"|"&H119&"|"&I119&"|"&J119&"|"&K119&"|"&L119&"|"&M119&"|"&N119&"|"&O119&"|"&P119&"|"&Q119&"|"&R119&"|"&S119&"|"&T119&"|"&U119&"|"&V119&"|"&W119&"|"&X119 | AC119: =IF(COUNTIF($AB$2:AB119,AB119)>1,1,0) | AD119: =STDEV(F119:X119) | AE119: =IF(OR(AA119>=8,AC119=1,AD119=0),0,1) | AF119: =IF(AE119=1,"",IF(AC119=1,"Trùng",IF(AA119>=8,"Bỏ trống "&AA119&" ô","Chọn cùng một mức"))) | AG119: =IF($AE119=1,AVERAGE(F119:I119),"") | AH119: =IF($AE119=1,AVERAGE(J119:M119),"") | AI119: =IF($AE119=1,AVERAGE(N119:Q119),"") | AJ119: =IF($AE119=1,AVERAGE(R119:U119),"") | AK119: =IF($AE119=1,AVERAGE(V119:X119),"")
A120: 45729.699 | B120: 1 | C120: 4 | D120: 2 | E120: 1 | F120: 5 | G120: 4 | H120: 4 | I120: 5 | J120: 4 | K120: 5 | L120: 5 | M120: 5 | N120: 3 | O120: 4 | P120: 5 | Q120: 4 | R120: 5 | S120: 5 | T120: 4 | U120: 3 | V120: 5 | W120: 5 | X120: 5 | Y120: =INT(A120) | Z120: =IF(Y120<DATE(2025,3,6),1,IF(Y120<DATE(2025,3,13),2,3)) | AA120: =COUNTBLANK(B120:X120) | AB120: =B120&"|"&C120&"|"&D120&"|"&E120&"|"&F120&"|"&G120&"|"&H120&"|"&I120&"|"&J120&"|"&K120&"|"&L120&"|"&M120&"|"&N120&"|"&O120&"|"&P120&"|"&Q120&"|"&R120&"|"&S120&"|"&T120&"|"&U120&"|"&V120&"|"&W120&"|"&X120 | AC120: =IF(COUNTIF($AB$2:AB120,AB120)>1,1,0) | AD120: =STDEV(F120:X120) | AE120: =IF(OR(AA120>=8,AC120=1,AD120=0),0,1) | AF120: =IF(AE120=1,"",IF(AC120=1,"Trùng",IF(AA120>=8,"Bỏ trống "&AA120&" ô","Chọn cùng một mức"))) | AG120: =IF($AE120=1,AVERAGE(F120:I120),"") | AH120: =IF($AE120=1,AVERAGE(J120:M120),"") | AI120: =IF($AE120=1,AVERAGE(N120:Q120),"") | AJ120: =IF($AE120=1,AVERAGE(R120:U120),"") | AK120: =IF($AE120=1,AVERAGE(V120:X120),"")
A121: 45729.825 | B121: 2 | C121: 3 | D121: 1 | E121: 3 | F121: 4 | G121: 3 | H121: 4 | I121: 4 | J121: 4 | K121: 3 | L121: 4 | M121: 4 | N121: 3 | O121: 4 | P121: 5 | Q121: 4 | R121: 2 | S121: 1 | T121: 2 | U121: 1 | V121: 3 | W121: 3 | X121: 3 | Y121: =INT(A121) | Z121: =IF(Y121<DATE(2025,3,6),1,IF(Y121<DATE(2025,3,13),2,3)) | AA121: =COUNTBLANK(B121:X121) | AB121: =B121&"|"&C121&"|"&D121&"|"&E121&"|"&F121&"|"&G121&"|"&H121&"|"&I121&"|"&J121&"|"&K121&"|"&L121&"|"&M121&"|"&N121&"|"&O121&"|"&P121&"|"&Q121&"|"&R121&"|"&S121&"|"&T121&"|"&U121&"|"&V121&"|"&W121&"|"&X121 | AC121: =IF(COUNTIF($AB$2:AB121,AB121)>1,1,0) | AD121: =STDEV(F121:X121) | AE121: =IF(OR(AA121>=8,AC121=1,AD121=0),0,1) | AF121: =IF(AE121=1,"",IF(AC121=1,"Trùng",IF(AA121>=8,"Bỏ trống "&AA121&" ô","Chọn cùng một mức"))) | AG121: =IF($AE121=1,AVERAGE(F121:I121),"") | AH121: =IF($AE121=1,AVERAGE(J121:M121),"") | AI121: =IF($AE121=1,AVERAGE(N121:Q121),"") | AJ121: =IF($AE121=1,AVERAGE(R121:U121),"") | AK121: =IF($AE121=1,AVERAGE(V121:X121),"")
... A133: 45730.859 | B133: 2 | C133: 2 | D133: 3 | E133: 3 | F133: 4 | G133: 4 | H133: 5 | I133: 4 | J133: 5 | K133: 4 | L133: 5 | M133: 4 | N133: 5 | O133: 4 | P133: 5 | Q133: 5 | R133: 4 | S133: 3 | T133: 3 | U133: 3 | V133: 5 | W133: 5 | X133: 5 | Y133: =INT(A133) | Z133: =IF(Y133<DATE(2025,3,6),1,IF(Y133<DATE(2025,3,13),2,3)) | AA133: =COUNTBLANK(B133:X133) | AB133: =B133&"|"&C133&"|"&D133&"|"&E133&"|"&F133&"|"&G133&"|"&H133&"|"&I133&"|"&J133&"|"&K133&"|"&L133&"|"&M133&"|"&N133&"|"&O133&"|"&P133&"|"&Q133&"|"&R133&"|"&S133&"|"&T133&"|"&U133&"|"&V133&"|"&W133&"|"&X133 | AC133: =IF(COUNTIF($AB$2:AB133,AB133)>1,1,0) | AD133: =STDEV(F133:X133) | AE133: =IF(OR(AA133>=8,AC133=1,AD133=0),0,1) | AF133: =IF(AE133=1,"",IF(AC133=1,"Trùng",IF(AA133>=8,"Bỏ trống "&AA133&" ô","Chọn cùng một mức"))) | AG133: =IF($AE133=1,AVERAGE(F133:I133),"") | AH133: =IF($AE133=1,AVERAGE(J133:M133),"") | AI133: =IF($AE133=1,AVERAGE(N133:Q133),"") | AJ133: =IF($AE133=1,AVERAGE(R133:U133),"") | AK133: =IF($AE133=1,AVERAGE(V133:X133),"")
A134: 45730.859 | B134: 2 | C134: 5 | D134: 4 | E134: 5 | G134: 3 | I134: 2 | J134: 3 | Q134: 4 | Y134: =INT(A134) | Z134: =IF(Y134<DATE(2025,3,6),1,IF(Y134<DATE(2025,3,13),2,3)) | AA134: =COUNTBLANK(B134:X134) | AB134: =B134&"|"&C134&"|"&D134&"|"&E134&"|"&F134&"|"&G134&"|"&H134&"|"&I134&"|"&J134&"|"&K134&"|"&L134&"|"&M134&"|"&N134&"|"&O134&"|"&P134&"|"&Q134&"|"&R134&"|"&S134&"|"&T134&"|"&U134&"|"&V134&"|"&W134&"|"&X134 | AC134: =IF(COUNTIF($AB$2:AB134,AB134)>1,1,0) | AD134: =STDEV(F134:X134) | AE134: =IF(OR(AA134>=8,AC134=1,AD134=0),0,1) | AF134: =IF(AE134=1,"",IF(AC134=1,"Trùng",IF(AA134>=8,"Bỏ trống "&AA134&" ô","Chọn cùng một mức"))) | AG134: =IF($AE134=1,AVERAGE(F134:I134),"") | AH134: =IF($AE134=1,AVERAGE(J134:M134),"") | AI134: =IF($AE134=1,AVERAGE(N134:Q134),"") | AJ134: =IF($AE134=1,AVERAGE(R134:U134),"") | AK134: =IF($AE134=1,AVERAGE(V134:X134),"")
A135: 45730.865 | B135: 5 | C135: 5 | D135: 3 | E135: 1 | G135: 1 | H135: 3 | I135: 1 | N135: 5 | O135: 5 | W135: 4 | Y135: =INT(A135) | Z135: =IF(Y135<DATE(2025,3,6),1,IF(Y135<DATE(2025,3,13),2,3)) | AA135: =COUNTBLANK(B135:X135) | AB135: =B135&"|"&C135&"|"&D135&"|"&E135&"|"&F135&"|"&G135&"|"&H135&"|"&I135&"|"&J135&"|"&K135&"|"&L135&"|"&M135&"|"&N135&"|"&O135&"|"&P135&"|"&Q135&"|"&R135&"|"&S135&"|"&T135&"|"&U135&"|"&V135&"|"&W135&"|"&X135 | AC135: =IF(COUNTIF($AB$2:AB135,AB135)>1,1,0) | AD135: =STDEV(F135:X135) | AE135: =IF(OR(AA135>=8,AC135=1,AD135=0),0,1) | AF135: =IF(AE135=1,"",IF(AC135=1,"Trùng",IF(AA135>=8,"Bỏ trống "&AA135&" ô","Chọn cùng một mức"))) | AG135: =IF($AE135=1,AVERAGE(F135:I135),"") | AH135: =IF($AE135=1,AVERAGE(J135:M135),"") | AI135: =IF($AE135=1,AVERAGE(N135:Q135),"") | AJ135: =IF($AE135=1,AVERAGE(R135:U135),"") | AK135: =IF($AE135=1,AVERAGE(V135:X135),"")
A136: 45730.953 | B136: 2 | C136: 2 | D136: 1 | E136: 2 | F136: 4 | G136: 4 | H136: 4 | I136: 4 | J136: 3 | K136: 4 | L136: 4 | M136: 3 | N136: 4 | O136: 3 | P136: 2 | Q136: 3 | R136: 2 | S136: 3 | T136: 3 | U136: 3 | V136: 4 | W136: 3 | X136: 4 | Y136: =INT(A136) | Z136: =IF(Y136<DATE(2025,3,6),1,IF(Y136<DATE(2025,3,13),2,3)) | AA136: =COUNTBLANK(B136:X136) | AB136: =B136&"|"&C136&"|"&D136&"|"&E136&"|"&F136&"|"&G136&"|"&H136&"|"&I136&"|"&J136&"|"&K136&"|"&L136&"|"&M136&"|"&N136&"|"&O136&"|"&P136&"|"&Q136&"|"&R136&"|"&S136&"|"&T136&"|"&U136&"|"&V136&"|"&W136&"|"&X136 | AC136: =IF(COUNTIF($AB$2:AB136,AB136)>1,1,0) | AD136: =STDEV(F136:X136) | AE136: =IF(OR(AA136>=8,AC136=1,AD136=0),0,1) | AF136: =IF(AE136=1,"",IF(AC136=1,"Trùng",IF(AA136>=8,"Bỏ trống "&AA136&" ô","Chọn cùng một mức"))) | AG136: =IF($AE136=1,AVERAGE(F136:I136),"") | AH136: =IF($AE136=1,AVERAGE(J136:M136),"") | AI136: =IF($AE136=1,AVERAGE(N136:Q136),"") | AJ136: =IF($AE136=1,AVERAGE(R136:U136),"") | AK136: =IF($AE136=1,AVERAGE(V136:X136),"")
A137: 45731.012 | B137: 1 | C137: 1 | D137: 3 | E137: 2 | F137: 4 | G137: 5 | H137: 5 | I137: 4 | J137: 3 | K137: 4 | L137: 4 | M137: 2 | N137: 2 | O137: 3 | P137: 2 | Q137: 3 | R137: 3 | S137: 4 | T137: 3 | U137: 3 | V137: 3 | W137: 4 | X137: 5 | Y137: =INT(A137) | Z137: =IF(Y137<DATE(2025,3,6),1,IF(Y137<DATE(2025,3,13),2,3)) | AA137: =COUNTBLANK(B137:X137) | AB137: =B137&"|"&C137&"|"&D137&"|"&E137&"|"&F137&"|"&G137&"|"&H137&"|"&I137&"|"&J137&"|"&K137&"|"&L137&"|"&M137&"|"&N137&"|"&O137&"|"&P137&"|"&Q137&"|"&R137&"|"&S137&"|"&T137&"|"&U137&"|"&V137&"|"&W137&"|"&X137 | AC137: =IF(COUNTIF($AB$2:AB137,AB137)>1,1,0) | AD137: =STDEV(F137:X137) | AE137: =IF(OR(AA137>=8,AC137=1,AD137=0),0,1) | AF137: =IF(AE137=1,"",IF(AC137=1,"Trùng",IF(AA137>=8,"Bỏ trống "&AA137&" ô","Chọn cùng một mức"))) | AG137: =IF($AE137=1,AVERAGE(F137:I137),"") | AH137: =IF($AE137=1,AVERAGE(J137:M137),"") | AI137: =IF($AE137=1,AVERAGE(N137:Q137),"") | AJ137: =IF($AE137=1,AVERAGE(R137:U137),"") | AK137: =IF($AE137=1,AVERAGE(V137:X137),"")
A138: 45731.11 | B138: 1 | C138: 3 | D138: 3 | E138: 2 | F138: 3 | G138: 2 | H138: 3 | I138: 3 | J138: 3 | K138: 3 | L138: 3 | M138: 4 | N138: 1 | O138: 2 | P138: 2 | Q138: 2 | R138: 4 | S138: 4 | T138: 4 | U138: 3 | V138: 3 | W138: 2 | X138: 3 | Y138: =INT(A138) | Z138: =IF(Y138<DATE(2025,3,6),1,IF(Y138<DATE(2025,3,13),2,3)) | AA138: =COUNTBLANK(B138:X138) | AB138: =B138&"|"&C138&"|"&D138&"|"&E138&"|"&F138&"|"&G138&"|"&H138&"|"&I138&"|"&J138&"|"&K138&"|"&L138&"|"&M138&"|"&N138&"|"&O138&"|"&P138&"|"&Q138&"|"&R138&"|"&S138&"|"&T138&"|"&U138&"|"&V138&"|"&W138&"|"&X138 | AC138: =IF(COUNTIF($AB$2:AB138,AB138)>1,1,0) | AD138: =STDEV(F138:X138) | AE138: =IF(OR(AA138>=8,AC138=1,AD138=0),0,1) | AF138: =IF(AE138=1,"",IF(AC138=1,"Trùng",IF(AA138>=8,"Bỏ trống "&AA138&" ô","Chọn cùng một mức"))) | AG138: =IF($AE138=1,AVERAGE(F138:I138),"") | AH138: =IF($AE138=1,AVERAGE(J138:M138),"") | AI138: =IF($AE138=1,AVERAGE(N138:Q138),"") | AJ138: =IF($AE138=1,AVERAGE(R138:U138),"") | AK138: =IF($AE138=1,AVERAGE(V138:X138),"")
A139: 45731.233 | B139: 2 | C139: 2 | D139: 2 | E139: 2 | F139: 5 | G139: 3 | H139: 4 | I139: 4 | J139: 4 | K139: 5 | L139: 4 | M139: 4 | N139: 5 | O139: 4 | P139: 4 | Q139: 3 | R139: 4 | S139: 4 | T139: 4 | U139: 3 | V139: 5 | W139: 5 | X139: 5 | Y139: =INT(A139) | Z139: =IF(Y139<DATE(2025,3,6),1,IF(Y139<DATE(2025,3,13),2,3)) | AA139: =COUNTBLANK(B139:X139) | AB139: =B139&"|"&C139&"|"&D139&"|"&E139&"|"&F139&"|"&G139&"|"&H139&"|"&I139&"|"&J139&"|"&K139&"|"&L139&"|"&M139&"|"&N139&"|"&O139&"|"&P139&"|"&Q139&"|"&R139&"|"&S139&"|"&T139&"|"&U139&"|"&V139&"|"&W139&"|"&X139 | AC139: =IF(COUNTIF($AB$2:AB139,AB139)>1,1,0) | AD139: =STDEV(F139:X139) | AE139: =IF(OR(AA139>=8,AC139=1,AD139=0),0,1) | AF139: =IF(AE139=1,"",IF(AC139=1,"Trùng",IF(AA139>=8,"Bỏ trống "&AA139&" ô","Chọn cùng một mức"))) | AG139: =IF($AE139=1,AVERAGE(F139:I139),"") | AH139: =IF($AE139=1,AVERAGE(J139:M139),"") | AI139: =IF($AE139=1,AVERAGE(N139:Q139),"") | AJ139: =IF($AE139=1,AVERAGE(R139:U139),"") | AK139: =IF($AE139=1,AVERAGE(V139:X139),"")
A140: 45731.234 | B140: 2 | C140: 2 | D140: 2 | E140: 2 | F140: 5 | G140: 3 | H140: 4 | I140: 4 | J140: 4 | K140: 5 | L140: 4 | M140: 4 | N140: 5 | O140: 4 | P140: 4 | Q140: 3 | R140: 4 | S140: 4 | T140: 4 | U140: 3 | V140: 5 | W140: 5 | X140: 5 | Y140: =INT(A140) | Z140: =IF(Y140<DATE(2025,3,6),1,IF(Y140<DATE(2025,3,13),2,3)) | AA140: =COUNTBLANK(B140:X140) | AB140: =B140&"|"&C140&"|"&D140&"|"&E140&"|"&F140&"|"&G140&"|"&H140&"|"&I140&"|"&J140&"|"&K140&"|"&L140&"|"&M140&"|"&N140&"|"&O140&"|"&P140&"|"&Q140&"|"&R140&"|"&S140&"|"&T140&"|"&U140&"|"&V140&"|"&W140&"|"&X140 | AC140: =IF(COUNTIF($AB$2:AB140,AB140)>1,1,0) | AD140: =STDEV(F140:X140) | AE140: =IF(OR(AA140>=8,AC140=1,AD140=0),0,1) | AF140: =IF(AE140=1,"",IF(AC140=1,"Trùng",IF(AA140>=8,"Bỏ trống "&AA140&" ô","Chọn cùng một mức"))) | AG140: =IF($AE140=1,AVERAGE(F140:I140),"") | AH140: =IF($AE140=1,AVERAGE(J140:M140),"") | AI140: =IF($AE140=1,AVERAGE(N140:Q140),"") | AJ140: =IF($AE140=1,AVERAGE(R140:U140),"") | AK140: =IF($AE140=1,AVERAGE(V140:X140),"")
A141: 45731.292 | B141: 2 | C141: 2 | D141: 1 | E141: 2 | F141: 5 | G141: 5 | H141: 5 | I141: 4 | J141: 5 | K141: 5 | L141: 4 | M141: 3 | N141: 4 | O141: 4 | P141: 5 | Q141: 5 | R141: 4 | S141: 4 | T141: 3 | U141: 4 | V141: 5 | W141: 5 | X141: 4 | Y141: =INT(A141) | Z141: =IF(Y141<DATE(2025,3,6),1,IF(Y141<DATE(2025,3,13),2,3)) | AA141: =COUNTBLANK(B141:X141) | AB141: =B141&"|"&C141&"|"&D141&"|"&E141&"|"&F141&"|"&G141&"|"&H141&"|"&I141&"|"&J141&"|"&K141&"|"&L141&"|"&M141&"|"&N141&"|"&O141&"|"&P141&"|"&Q141&"|"&R141&"|"&S141&"|"&T141&"|"&U141&"|"&V141&"|"&W141&"|"&X141 | AC141: =IF(COUNTIF($AB$2:AB141,AB141)>1,1,0) | AD141: =STDEV(F141:X141) | AE141: =IF(OR(AA141>=8,AC141=1,AD141=0),0,1) | AF141: =IF(AE141=1,"",IF(AC141=1,"Trùng",IF(AA141>=8,"Bỏ trống "&AA141&" ô","Chọn cùng một mức"))) | AG141: =IF($AE141=1,AVERAGE(F141:I141),"") | AH141: =IF($AE141=1,AVERAGE(J141:M141),"") | AI141: =IF($AE141=1,AVERAGE(N141:Q141),"") | AJ141: =IF($AE141=1,AVERAGE(R141:U141),"") | AK141: =IF($AE141=1,AVERAGE(V141:X141),"")
A142: 45731.324 | B142: 1 | C142: 1 | D142: 2 | E142: 2 | F142: 5 | G142: 4 | H142: 5 | I142: 5 | J142: 4 | K142: 4 | L142: 4 | M142: 4 | N142: 4 | O142: 4 | P142: 3 | Q142: 3 | R142: 4 | S142: 3 | T142: 3 | U142: 3 | V142: 5 | W142: 5 | X142: 5 | Y142: =INT(A142) | Z142: =IF(Y142<DATE(2025,3,6),1,IF(Y142<DATE(2025,3,13),2,3)) | AA142: =COUNTBLANK(B142:X142) | AB142: =B142&"|"&C142&"|"&D142&"|"&E142&"|"&F142&"|"&G142&"|"&H142&"|"&I142&"|"&J142&"|"&K142&"|"&L142&"|"&M142&"|"&N142&"|"&O142&"|"&P142&"|"&Q142&"|"&R142&"|"&S142&"|"&T142&"|"&U142&"|"&V142&"|"&W142&"|"&X142 | AC142: =IF(COUNTIF($AB$2:AB142,AB142)>1,1,0) | AD142: =STDEV(F142:X142) | AE142: =IF(OR(AA142>=8,AC142=1,AD142=0),0,1) | AF142: =IF(AE142=1,"",IF(AC142=1,"Trùng",IF(AA142>=8,"Bỏ trống "&AA142&" ô","Chọn cùng một mức"))) | AG142: =IF($AE142=1,AVERAGE(F142:I142),"") | AH142: =IF($AE142=1,AVERAGE(J142:M142),"") | AI142: =IF($AE142=1,AVERAGE(N142:Q142),"") | AJ142: =IF($AE142=1,AVERAGE(R142:U142),"") | AK142: =IF($AE142=1,AVERAGE(V142:X142),"")
...

Sheet 7_NhatKyThuThap
A1: NHẬT KÝ THU THẬP TỪNG NGÀY (Bảng BS10 của sách)
A2: Cột B đến D: số người được mời trong ngày theo kênh (sinh viên tự ghi). Cột F, G: đếm tự động từ sheet 6 bằng COUNTIFS. Google Form không biết phiếu đến từ kênh nào nên nhật ký chỉ đếm tổng số phiếu nhận theo ngày.
A3: Ngày | B3: Email | C3: Zalo | D3: Quầy | E3: Mời trong ngày | F3: Phiếu nhận | G3: Phiếu lỗi | H3: Mời lũy kế | I3: Nhận lũy kế | J3: Hợp lệ lũy kế | K3: Vấn đề và cách xử lý
A4: 45719 | B4: 50 | C4: 0 | D4: 5 | E4: =SUM(B4:D4) | F4: =COUNTIF('6_DuLieuThoGanCo'!$Y$2:$Y$166,A4) | G4: =COUNTIFS('6_DuLieuThoGanCo'!$Y$2:$Y$166,A4,'6_DuLieuThoGanCo'!$AE$2:$AE$166,0) | H4: =SUM($E$4:E4) | I4: =SUM($F$4:F4) | J4: =SUM($F$4:F4)-SUM($G$4:G4) | K4: Gửi 50 email; mời tại quầy 8 giờ đến 10 giờ
A5: 45720 | B5: 0 | C5: 40 | D5: 8 | E5: =SUM(B5:D5) | F5: =COUNTIF('6_DuLieuThoGanCo'!$Y$2:$Y$166,A5) | G5: =COUNTIFS('6_DuLieuThoGanCo'!$Y$2:$Y$166,A5,'6_DuLieuThoGanCo'!$AE$2:$AE$166,0) | H5: =SUM($E$4:E5) | I5: =SUM($F$4:F5) | J5: =SUM($F$4:F5)-SUM($G$4:G5) | K5: Gửi Zalo cho 40 khách hàng
A6: 45721 | B6: 0 | C6: 30 | D6: 0 | E6: =SUM(B6:D6) | F6: =COUNTIF('6_DuLieuThoGanCo'!$Y$2:$Y$166,A6) | G6: =COUNTIFS('6_DuLieuThoGanCo'!$Y$2:$Y$166,A6,'6_DuLieuThoGanCo'!$AE$2:$AE$166,0) | H6: =SUM($E$4:E6) | I6: =SUM($F$4:F6) | J6: =SUM($F$4:F6)-SUM($G$4:G6) | K6: Gửi Zalo cho 30 khách hàng; quầy không bố trí được chỗ
A7: 45722 | B7: 0 | C7: 0 | D7: 12 | E7: =SUM(B7:D7) | F7: =COUNTIF('6_DuLieuThoGanCo'!$Y$2:$Y$166,A7) | G7: =COUNTIFS('6_DuLieuThoGanCo'!$Y$2:$Y$166,A7,'6_DuLieuThoGanCo'!$AE$2:$AE$166,0) | H7: =SUM($E$4:E7) | I7: =SUM($F$4:F7) | J7: =SUM($F$4:F7)-SUM($G$4:G7) | K7: Nhắc lần 1; ngày nhận nhiều nhất
A8: 45723 | B8: 0 | C8: 0 | D8: 0 | E8: =SUM(B8:D8) | F8: =COUNTIF('6_DuLieuThoGanCo'!$Y$2:$Y$166,A8) | G8: =COUNTIFS('6_DuLieuThoGanCo'!$Y$2:$Y$166,A8,'6_DuLieuThoGanCo'!$AE$2:$AE$166,0) | H8: =SUM($E$4:E8) | I8: =SUM($F$4:F8) | J8: =SUM($F$4:F8)-SUM($G$4:G8) | K8: 2 khách hỏi có phải ngân hàng thu thông tin không: giải thích sinh viên độc lập, không hỏi số tài khoản
A9: 45724 | B9: 0 | C9: 0 | D9: 8 | E9: =SUM(B9:D9) | F9: =COUNTIF('6_DuLieuThoGanCo'!$Y$2:$Y$166,A9) | G9: =COUNTIFS('6_DuLieuThoGanCo'!$Y$2:$Y$166,A9,'6_DuLieuThoGanCo'!$AE$2:$AE$166,0) | H9: =SUM($E$4:E9) | I9: =SUM($F$4:F9) | J9: =SUM($F$4:F9)-SUM($G$4:G9) | K9: Thứ Bảy, quầy mở buổi sáng
A10: 45725 | B10: 0 | C10: 0 | D10: 0 | E10: =SUM(B10:D10) | F10: =COUNTIF('6_DuLieuThoGanCo'!$Y$2:$Y$166,A10) | G10: =COUNTIFS('6_DuLieuThoGanCo'!$Y$2:$Y$166,A10,'6_DuLieuThoGanCo'!$AE$2:$AE$166,0) | H10: =SUM($E$4:E10) | I10: =SUM($F$4:F10) | J10: =SUM($F$4:F10)-SUM($G$4:G10) | K10: Chủ nhật, quầy nghỉ; chỉ nhận phiếu trực tuyến
A11: 45726 | B11: 0 | C11: 0 | D11: 10 | E11: =SUM(B11:D11) | F11: =COUNTIF('6_DuLieuThoGanCo'!$Y$2:$Y$166,A11) | G11: =COUNTIFS('6_DuLieuThoGanCo'!$Y$2:$Y$166,A11,'6_DuLieuThoGanCo'!$AE$2:$AE$166,0) | H11: =SUM($E$4:E11) | I11: =SUM($F$4:F11) | J11: =SUM($F$4:F11)-SUM($G$4:G11) | K11: Đầu ngày kiểm tra tiến độ: 75 phiếu sau 7 ngày; giữ lịch nhắc lần 2 ngày 13/3
A12: 45727 | B12: 0 | C12: 0 | D12: 0 | E12: =SUM(B12:D12) | F12: =COUNTIF('6_DuLieuThoGanCo'!$Y$2:$Y$166,A12) | G12: =COUNTIFS('6_DuLieuThoGanCo'!$Y$2:$Y$166,A12,'6_DuLieuThoGanCo'!$AE$2:$AE$166,0) | H12: =SUM($E$4:E12) | I12: =SUM($F$4:F12) | J12: =SUM($F$4:F12)-SUM($G$4:G12)
A13: 45728 | B13: 0 | C13: 0 | D13: 8 | E13: =SUM(B13:D13) | F13: =COUNTIF('6_DuLieuThoGanCo'!$Y$2:$Y$166,A13) | G13: =COUNTIFS('6_DuLieuThoGanCo'!$Y$2:$Y$166,A13,'6_DuLieuThoGanCo'!$AE$2:$AE$166,0) | H13: =SUM($E$4:E13) | I13: =SUM($F$4:F13) | J13: =SUM($F$4:F13)-SUM($G$4:G13) | K13: Phát hiện 1 phiếu gửi hai lần cách nhau 2 phút; không xóa, để lọc ở mục 3.5.2
A14: 45729 | B14: 0 | C14: 0 | D14: 10 | E14: =SUM(B14:D14) | F14: =COUNTIF('6_DuLieuThoGanCo'!$Y$2:$Y$166,A14) | G14: =COUNTIFS('6_DuLieuThoGanCo'!$Y$2:$Y$166,A14,'6_DuLieuThoGanCo'!$AE$2:$AE$166,0) | H14: =SUM($E$4:E14) | I14: =SUM($F$4:F14) | J14: =SUM($F$4:F14)-SUM($G$4:G14) | K14: Nhắc lần 2; báo ngày đóng 17/3
A15: 45730 | B15: 0 | C15: 0 | D15: 9 | E15: =SUM(B15:D15) | F15: =COUNTIF('6_DuLieuThoGanCo'!$Y$2:$Y$166,A15) | G15: =COUNTIFS('6_DuLieuThoGanCo'!$Y$2:$Y$166,A15,'6_DuLieuThoGanCo'!$AE$2:$AE$166,0) | H15: =SUM($E$4:E15) | I15: =SUM($F$4:F15) | J15: =SUM($F$4:F15)-SUM($G$4:G15)
A16: 45731 | B16: 0 | C16: 0 | D16: 10 | E16: =SUM(B16:D16) | F16: =COUNTIF('6_DuLieuThoGanCo'!$Y$2:$Y$166,A16) | G16: =COUNTIFS('6_DuLieuThoGanCo'!$Y$2:$Y$166,A16,'6_DuLieuThoGanCo'!$AE$2:$AE$166,0) | H16: =SUM($E$4:E16) | I16: =SUM($F$4:F16) | J16: =SUM($F$4:F16)-SUM($G$4:G16)
A17: 45732 | B17: 0 | C17: 0 | D17: 0 | E17: =SUM(B17:D17) | F17: =COUNTIF('6_DuLieuThoGanCo'!$Y$2:$Y$166,A17) | G17: =COUNTIFS('6_DuLieuThoGanCo'!$Y$2:$Y$166,A17,'6_DuLieuThoGanCo'!$AE$2:$AE$166,0) | H17: =SUM($E$4:E17) | I17: =SUM($F$4:F17) | J17: =SUM($F$4:F17)-SUM($G$4:G17)
A18: 45733 | B18: 0 | C18: 0 | D18: 0 | E18: =SUM(B18:D18) | F18: =COUNTIF('6_DuLieuThoGanCo'!$Y$2:$Y$166,A18) | G18: =COUNTIFS('6_DuLieuThoGanCo'!$Y$2:$Y$166,A18,'6_DuLieuThoGanCo'!$AE$2:$AE$166,0) | H18: =SUM($E$4:E18) | I18: =SUM($F$4:F18) | J18: =SUM($F$4:F18)-SUM($G$4:G18) | K18: Đóng khảo sát 10 giờ; tải file thô
A20: Tổng hợp cho mục 3.5.1 | B20: Kết quả
A21: Tổng số người được mời | B21: =SUM(E4:E18)
A22: Tổng phiếu thu về | B22: =SUM(F4:F18)
A23: Tỷ lệ phản hồi | B23: =B22/B21
A24: Phiếu bị loại | B24: =SUM(G4:G18)
A25: Phiếu hợp lệ | B25: =B22-B24
A26: Số ngày thu | B26: =COUNT(A4:A18)

Sheet 8_SomMuon
A1: KIỂM TRA SAI LỆCH DO KHÔNG PHẢN HỒI: NHÓM SỚM VÀ NHÓM MUỘN (Bảng BS13 của sách)
A2: Armstrong và Overton (1977): người trả lời muộn thường giống người không trả lời hơn. Nếu nhóm trả lời sau lần nhắc cuối không khác nhóm trả lời trước lần nhắc đầu thì chưa có dấu hiệu sai lệch do không phản hồi. Nhóm sớm: đợt 1 (3/3 đến 5/3, trước nhắc lần 1). Nhóm muộn: đợt 3 (13/3 đến 17/3, sau nhắc lần 2). Chỉ tính phiếu hợp lệ. T.TEST loại 3: kiểm định t hai mẫu độc lập không giả định phương sai bằng nhau.
A3: Biến | B3: Nhóm sớm | C3: Nhóm muộn | D3: Chênh lệch | E3: P-value | F3: Kết luận
A4: Số phiếu hợp lệ | B4: =COUNTIFS('6_DuLieuThoGanCo'!$Z$2:$Z$166,1,'6_DuLieuThoGanCo'!$AE$2:$AE$166,1) | C4: =COUNTIFS('6_DuLieuThoGanCo'!$Z$2:$Z$166,3,'6_DuLieuThoGanCo'!$AE$2:$AE$166,1) | F4: Đợt 2 có phần còn lại
A5: Sự hữu ích (HI) | B5: =AVERAGE('6_DuLieuThoGanCo'!$AG$2:$AG$31) | C5: =AVERAGE('6_DuLieuThoGanCo'!$AG$109:$AG$166) | D5: =C5-B5 | E5: =_xlfn.T.TEST('6_DuLieuThoGanCo'!$AG$2:$AG$31,'6_DuLieuThoGanCo'!$AG$109:$AG$166,2,3) | F5: =IF(E5<0.05,"Khác biệt: ghi vào hạn chế",IF(E5<0.1,"Gần ngưỡng: nêu thận trọng","Không khác biệt"))
A6: Sự dễ sử dụng (SD) | B6: =AVERAGE('6_DuLieuThoGanCo'!$AH$2:$AH$31) | C6: =AVERAGE('6_DuLieuThoGanCo'!$AH$109:$AH$166) | D6: =C6-B6 | E6: =_xlfn.T.TEST('6_DuLieuThoGanCo'!$AH$2:$AH$31,'6_DuLieuThoGanCo'!$AH$109:$AH$166,2,3) | F6: =IF(E6<0.05,"Khác biệt: ghi vào hạn chế",IF(E6<0.1,"Gần ngưỡng: nêu thận trọng","Không khác biệt"))
A7: Niềm tin (NT) | B7: =AVERAGE('6_DuLieuThoGanCo'!$AI$2:$AI$31) | C7: =AVERAGE('6_DuLieuThoGanCo'!$AI$109:$AI$166) | D7: =C7-B7 | E7: =_xlfn.T.TEST('6_DuLieuThoGanCo'!$AI$2:$AI$31,'6_DuLieuThoGanCo'!$AI$109:$AI$166,2,3) | F7: =IF(E7<0.05,"Khác biệt: ghi vào hạn chế",IF(E7<0.1,"Gần ngưỡng: nêu thận trọng","Không khác biệt"))
A8: Ảnh hưởng xã hội (XH) | B8: =AVERAGE('6_DuLieuThoGanCo'!$AJ$2:$AJ$31) | C8: =AVERAGE('6_DuLieuThoGanCo'!$AJ$109:$AJ$166) | D8: =C8-B8 | E8: =_xlfn.T.TEST('6_DuLieuThoGanCo'!$AJ$2:$AJ$31,'6_DuLieuThoGanCo'!$AJ$109:$AJ$166,2,3) | F8: =IF(E8<0.05,"Khác biệt: ghi vào hạn chế",IF(E8<0.1,"Gần ngưỡng: nêu thận trọng","Không khác biệt"))
A9: Ý định sử dụng (YD) | B9: =AVERAGE('6_DuLieuThoGanCo'!$AK$2:$AK$31) | C9: =AVERAGE('6_DuLieuThoGanCo'!$AK$109:$AK$166) | D9: =C9-B9 | E9: =_xlfn.T.TEST('6_DuLieuThoGanCo'!$AK$2:$AK$31,'6_DuLieuThoGanCo'!$AK$109:$AK$166,2,3) | F9: =IF(E9<0.05,"Khác biệt: ghi vào hạn chế",IF(E9<0.1,"Gần ngưỡng: nêu thận trọng","Không khác biệt"))
A11: Cách đọc: cả năm P-value đều lớn hơn 0,05 nên chưa có dấu hiệu sai lệch do không phản hồi. Niềm tin có P-value gần 0,1 và nhóm muộn đánh giá thấp hơn: khóa luận nên nêu điều này một cách thận trọng ở mục hạn chế, vì người không trả lời có thể tin ngân hàng số ít hơn.

Sheet 9_SaiLechPPChung
A1: TRẢ LỜI CẨU THẢ VÀ SAI LỆCH PHƯƠNG PHÁP CHUNG (Bảng BS12 của sách)
A2: Kiểm tra | B2: Kết quả | C2: Cách đọc
A3: Phiếu chọn cùng một mức cho mọi câu (độ lệch chuẩn dòng = 0) | B3: =COUNTIF('6_DuLieuThoGanCo'!$AD$2:$AD$166,0) | C3: Bằng 0: không có phiếu trả lời theo một đường thẳng
A4: Độ lệch chuẩn dòng nhỏ nhất trong các phiếu hợp lệ | B4: =_xlfn.MINIFS('6_DuLieuThoGanCo'!$AD$2:$AD$166,'6_DuLieuThoGanCo'!$AE$2:$AE$166,1) | C4: Lớn hơn 0: người trả lời có phân biệt giữa các câu
A5: Phiếu bị loại vì trùng | B5: =COUNTIF('6_DuLieuThoGanCo'!$AC$2:$AC$166,1) | C5: Khớp 5 phiếu trùng ở mục 3.5.2
A6: Phiếu bị loại vì bỏ trống từ 8 ô trở lên | B6: =COUNTIF('6_DuLieuThoGanCo'!$AA$2:$AA$166,">=8") | C6: Khớp 10 phiếu bỏ trống ở mục 3.5.2
A7: Kiểm định một nhân tố của Harman: phần trăm phương sai của nhân tố đầu tiên (19 câu, không xoay) | B7: 0.32 | C7: Tính bằng phần mềm thống kê vì Excel không có phân tích nhân tố. Dưới 50% là ngưỡng thường dùng trong thực hành; Podsakoff và cộng sự (2003) lưu ý kiểm định này chỉ là bằng chứng yếu
A8: Nếu dùng SmartPLS: VIF toàn phần của mọi biến tiềm ẩn | B8: [điền] | C8: Lớn hơn 3,3 là dấu hiệu sai lệch phương pháp chung (Kock, 2015)
A10: Thiết kế câu kiểm tra sự chú ý (đặt giữa phần câu hỏi chính)
A11: Cách viết | B11: Đánh giá | C11: Lý do
A12: "Để xác nhận Anh/Chị đang đọc kỹ, vui lòng chọn mức 2 (Không đồng ý) cho câu này." | B12: Nên dùng | C12: Câu chỉ dẫn trực tiếp; Meade và Craig (2012) khuyến nghị dạng này
A13: "Tôi chưa bao giờ dùng điện thoại." (với khách hàng đang dùng ứng dụng) | B13: Dùng thận trọng | C13: Người trả lời có thể hiểu theo nghĩa khác
A14: Đặt ba câu kiểm tra trong phiếu 19 câu | B14: Không nên | C14: Phiếu dài thêm, người trả lời thấy bị nghi ngờ
A16: File dữ liệu của Ngân hàng X không có câu kiểm tra sự chú ý. Khi đề tài có câu này, sinh viên thêm một cột vào sheet 6 và một điều kiện vào công thức cột Giữ, rồi ghi tiêu chí loại vào Chương 3 trước khi mở dữ liệu.

Sheet 10_PhongVanBaoHoa
A1: NHẬT KÝ PHỎNG VẤN VÀ ĐIỂM BÃO HÒA (Trường Tiểu học Y, Bảng BS11 của sách, dữ liệu giả định)
A2: Câu hỏi định tính: "Phụ huynh trải nghiệm việc làm thủ tục tại Trường Tiểu học Y như thế nào?" Thiết kế gần nhất là hiện tượng học (Bảng 24 của sách). Cột F đếm tự động số mã xuất hiện lần đầu ở buổi đó (lấy từ dòng "Buổi xuất hiện đầu tiên" của sheet 11). Quy tắc dừng của sách: hai đến ba buổi liên tiếp không thêm mã mới.
A3: Buổi | B3: Mã người | C3: Vai trò | D3: Số phút | E3: Ghi chú thực địa | F3: Số mã mới | G3: Lũy kế mã | H3: Quyết định
A4: 1 | B4: PH01 | C4: Mẹ, khối 1 | D4: 38 | E4: Buổi đầu: nhiều mã mới | F4: =COUNTIF('11_MaHoaPhongVan'!$C$19:$P$19,A4) | G4: =SUM($F$4:F4)
A5: 2 | B5: PH02 | C5: Bố, khối 3 | D5: 42 | F5: =COUNTIF('11_MaHoaPhongVan'!$C$19:$P$19,A5) | G5: =SUM($F$4:F5) | H5: =IF(AND(F5=0,F4=0),"Đủ điều kiện dừng","Tiếp tục")
A6: 3 | B6: PH03 | C6: Mẹ, khối 5 | D6: 35 | F6: =COUNTIF('11_MaHoaPhongVan'!$C$19:$P$19,A6) | G6: =SUM($F$4:F6) | H6: =IF(AND(F6=0,F5=0),"Đủ điều kiện dừng","Tiếp tục")
A7: 4 | B7: PH04 | C7: Bố, khối 2 | D7: 31 | E7: Nói nhiều về nộp hồ sơ trực tuyến | F7: =COUNTIF('11_MaHoaPhongVan'!$C$19:$P$19,A7) | G7: =SUM($F$4:F7) | H7: =IF(AND(F7=0,F6=0),"Đủ điều kiện dừng","Tiếp tục")
A8: 5 | B8: PH05 | C8: Mẹ, khối 4 | D8: 40 | F8: =COUNTIF('11_MaHoaPhongVan'!$C$19:$P$19,A8) | G8: =SUM($F$4:F8) | H8: =IF(AND(F8=0,F7=0),"Đủ điều kiện dừng","Tiếp tục")
A9: 6 | B9: PH06 | C9: Bà nội, khối 1 | D9: 28 | E9: Người làm thay cha mẹ: thêm góc nhìn mới | F9: =COUNTIF('11_MaHoaPhongVan'!$C$19:$P$19,A9) | G9: =SUM($F$4:F9) | H9: =IF(AND(F9=0,F8=0),"Đủ điều kiện dừng","Tiếp tục")
A10: 7 | B10: PH07 | C10: Mẹ, khối 3 | D10: 33 | E10: Không có mã mới: chưa đủ để dừng | F10: =COUNTIF('11_MaHoaPhongVan'!$C$19:$P$19,A10) | G10: =SUM($F$4:F10) | H10: =IF(AND(F10=0,F9=0),"Đủ điều kiện dừng","Tiếp tục")
A11: 8 | B11: PH08 | C11: Bố, khối 5 | D11: 36 | E11: Lại có 1 mã mới | F11: =COUNTIF('11_MaHoaPhongVan'!$C$19:$P$19,A11) | G11: =SUM($F$4:F11) | H11: =IF(AND(F11=0,F10=0),"Đủ điều kiện dừng","Tiếp tục")
A12: 9 | B12: PH09 | C12: Mẹ, khối 2 | D12: 30 | F12: =COUNTIF('11_MaHoaPhongVan'!$C$19:$P$19,A12) | G12: =SUM($F$4:F12) | H12: =IF(AND(F12=0,F11=0),"Đủ điều kiện dừng","Tiếp tục")
A13: 10 | B13: PH10 | C13: Bố, khối 4 | D13: 34 | E13: Buổi thứ hai liên tiếp không có mã mới | F13: =COUNTIF('11_MaHoaPhongVan'!$C$19:$P$19,A13) | G13: =SUM($F$4:F13) | H13: =IF(AND(F13=0,F12=0),"Đủ điều kiện dừng","Tiếp tục")
A15: Cách đọc: 10 trên 14 mã xuất hiện ngay trong 3 buổi đầu. Buổi 7 không có mã mới nhưng buổi 8 lại thêm 1 mã, vì vậy một buổi không có mã mới chưa đủ để dừng. Buổi 9 và 10 liên tiếp không thêm mã nên dừng ở buổi 10. Con số 10 buổi nằm trong khoảng 9 đến 17 phỏng vấn mà tổng quan của Hennink và Kaiser (2022) ghi nhận là thường đủ để bão hòa chủ đề với nhóm người tham gia đồng nhất.

Sheet 11_MaHoaPhongVan
A1: MA TRẬN MÃ HÓA PHỎNG VẤN (1 = người này có nói đến mã đó; dữ liệu giả định)
A2: Mã mở bám sát lời người được phỏng vấn; chữ cái đầu là chủ đề. TG, TT, TD dùng đúng mã của sheet 12_CauHoiMo trong file Trường Y. TB (thông tin, thông báo), CS (cơ sở vật chất), SO (mong muốn số hóa) là mã mới từ phỏng vấn.
A4: Mã người | B4: Vai trò | C4: TG1 | D4: TT1 | E4: TD1 | F4: TB1 | G4: TT2 | H4: TG2 | I4: TD2 | J4: TB2 | K4: CS1 | L4: TT3 | M4: SO1 | N4: TD3 | O4: TB3 | P4: SO2 | Q4: Số mã
A5: Nội dung mã | C5: Xếp hàng chờ lâu | D5: Phải nộp lại giấy tờ đã nộp | E5: Nhân viên hướng dẫn tận tình | F5: Không biết lịch làm thủ tục | G5: Mẫu đơn khó hiểu | H5: Giờ văn phòng trùng giờ đi làm | I5: Nhân viên vắng mặt khi cần | J5: Thông báo trong nhóm Zalo lớp bị trôi | K5: Không có chỗ ngồi chờ | L5: Phải đi lại nhiều lần | M5: Muốn nộp hồ sơ trực tuyến | N5: Nhân viên quan tâm hoàn cảnh gia đình | O5: Ông bà làm thay không đọc được hướng dẫn | P5: Muốn nhận kết quả qua tin nhắn
A6: PH01 | B6: Mẹ, khối 1 | C6: 1 | D6: 1 | E6: 1 | F6: 1 | G6: 1 | H6: 0 | I6: 0 | J6: 0 | K6: 0 | L6: 0 | M6: 0 | N6: 0 | O6: 0 | P6: 0 | Q6: =SUM(C6:P6)
A7: PH02 | B7: Bố, khối 3 | C7: 0 | D7: 0 | E7: 0 | F7: 0 | G7: 0 | H7: 1 | I7: 1 | J7: 1 | K7: 0 | L7: 0 | M7: 0 | N7: 0 | O7: 0 | P7: 0 | Q7: =SUM(C7:P7)
A8: PH03 | B8: Mẹ, khối 5 | C8: 0 | D8: 1 | E8: 0 | F8: 1 | G8: 0 | H8: 1 | I8: 0 | J8: 1 | K8: 1 | L8: 1 | M8: 0 | N8: 0 | O8: 0 | P8: 0 | Q8: =SUM(C8:P8)
A9: PH04 | B9: Bố, khối 2 | C9: 0 | D9: 1 | E9: 1 | F9: 0 | G9: 0 | H9: 0 | I9: 0 | J9: 0 | K9: 1 | L9: 1 | M9: 1 | N9: 0 | O9: 0 | P9: 0 | Q9: =SUM(C9:P9)
A10: PH05 | B10: Mẹ, khối 4 | C10: 0 | D10: 1 | E10: 1 | F10: 0 | G10: 0 | H10: 1 | I10: 1 | J10: 0 | K10: 0 | L10: 1 | M10: 0 | N10: 1 | O10: 0 | P10: 0 | Q10: =SUM(C10:P10)
A11: PH06 | B11: Bà nội, khối 1 | C11: 0 | D11: 0 | E11: 0 | F11: 0 | G11: 1 | H11: 0 | I11: 1 | J11: 1 | K11: 1 | L11: 1 | M11: 1 | N11: 0 | O11: 1 | P11: 0 | Q11: =SUM(C11:P11)
A12: PH07 | B12: Mẹ, khối 3 | C12: 0 | D12: 0 | E12: 1 | F12: 0 | G12: 1 | H12: 0 | I12: 0 | J12: 1 | K12: 1 | L12: 1 | M12: 1 | N12: 1 | O12: 1 | P12: 0 | Q12: =SUM(C12:P12)
A13: PH08 | B13: Bố, khối 5 | C13: 1 | D13: 1 | E13: 1 | F13: 0 | G13: 1 | H13: 1 | I13: 0 | J13: 1 | K13: 0 | L13: 0 | M13: 0 | N13: 1 | O13: 1 | P13: 1 | Q13: =SUM(C13:P13)
A14: PH09 | B14: Mẹ, khối 2 | C14: 0 | D14: 0 | E14: 1 | F14: 0 | G14: 1 | H14: 1 | I14: 1 | J14: 1 | K14: 1 | L14: 0 | M14: 0 | N14: 0 | O14: 1 | P14: 1 | Q14: =SUM(C14:P14)
A15: PH10 | B15: Bố, khối 4 | C15: 0 | D15: 0 | E15: 1 | F15: 1 | G15: 0 | H15: 0 | I15: 1 | J15: 0 | K15: 0 | L15: 1 | M15: 1 | N15: 1 | O15: 0 | P15: 0 | Q15: =SUM(C15:P15)
B17: Số người nhắc | C17: =SUM(C6:C15) | D17: =SUM(D6:D15) | E17: =SUM(E6:E15) | F17: =SUM(F6:F15) | G17: =SUM(G6:G15) | H17: =SUM(H6:H15) | I17: =SUM(I6:I15) | J17: =SUM(J6:J15) | ... P17: =SUM(P6:P15)
B18: Tỷ lệ người nhắc | C18: =SUM(C6:C15)/10 | D18: =SUM(D6:D15)/10 | E18: =SUM(E6:E15)/10 | F18: =SUM(F6:F15)/10 | G18: =SUM(G6:G15)/10 | H18: =SUM(H6:H15)/10 | I18: =SUM(I6:I15)/10 | J18: =SUM(J6:J15)/10 | ... P18: =SUM(P6:P15)/10
B19: Buổi xuất hiện đầu tiên | C19: =MATCH(1,C6:C15,0) | D19: =MATCH(1,D6:D15,0) | E19: =MATCH(1,E6:E15,0) | F19: =MATCH(1,F6:F15,0) | G19: =MATCH(1,G6:G15,0) | H19: =MATCH(1,H6:H15,0) | I19: =MATCH(1,I6:I15,0) | J19: =MATCH(1,J6:J15,0) | ... P19: =MATCH(1,P6:P15,0)
A21: Gom mã thành chủ đề
A22: Chủ đề | B22: Tên | C22: Số mã mở | D22: Số người nhắc ít nhất 1 mã | E22: Biến định lượng liên quan | F22: Loại mã (Trần Phước, n.d., tr. 59 đến 60)
A23: TG | B23: Thời gian chờ đợi | C23: 2 | D23: =SUMPRODUCT(--((C6:C15+H6:H15)>0)) | E23: QTHC | F23: Mã dự kiến
A24: TT | B24: Thủ tục giấy tờ | C24: 3 | D24: =SUMPRODUCT(--((D6:D15+G6:G15+L6:L15)>0)) | E24: QTHC | F24: Mã dự kiến
A25: TD | B25: Thái độ nhân viên | C25: 3 | D25: =SUMPRODUCT(--((E6:E15+I6:I15+N6:N15)>0)) | E25: TDNV | F25: Mã dự kiến
A26: CS | B26: Cơ sở vật chất | C26: 1 | D26: =SUMPRODUCT(--((K6:K15)>0)) | E26: CSVC | F26: Mã dự kiến
A27: TB | B27: Thông tin và thông báo | C27: 3 | D27: =SUMPRODUCT(--((F6:F15+J6:J15+O6:O15)>0)) | E27: Chưa có trong mô hình | F27: Mã bất ngờ
A28: SO | B28: Mong muốn số hóa thủ tục | C28: 2 | D28: =SUMPRODUCT(--((M6:M15+P6:P15)>0)) | E28: Chưa có trong mô hình | F28: Mã bất ngờ
A30: Cách đọc: hai chủ đề TB và SO không có thang đo trong bảng hỏi của Trường Y. Đây là chỗ dữ liệu định tính gợi ý mở rộng mô hình: một hướng điểm mới ở mức thạc sĩ (xem sheet 12).

Sheet 12_NangChuanThacSi
A1: BỐN MỨC ĐIỂM MỚI VÀ SÁU ĐIỂM NÂNG CHẤT LƯỢNG (Bảng BS3 của sách)
A2: Mức điểm mới | B2: Câu hỏi kiểm tra | C2: Ví dụ Ngân hàng X hoặc Trường Y | D2: Phù hợp với
A3: 1. Bối cảnh mới | B3: Bối cảnh này có lý do gì để làm quan hệ giữa các biến khác đi không? (Whetten, 1989) | C3: Khách hàng ngoài thành phố lớn: thu nhập, thói quen tiền mặt khác (sheet 2: chỉ 1 nghiên cứu) | D3: Khóa luận đại học
A4: 2. Giải quyết kết quả trái chiều | B4: Có ít nhất hai nhóm nghiên cứu cho kết quả ngược nhau không? | C4: SD: 7 nghiên cứu có ý nghĩa, 4 không (sheet 2); đề tài kiểm định lại và giải thích | D4: Khóa luận khá giỏi; gần chuẩn thạc sĩ
A5: 3. Mở rộng mô hình có căn cứ | B5: Biến mới có lý thuyết gốc hoặc bằng chứng định tính không? | C5: Trường Y: chủ đề TB và SO từ 10 buổi phỏng vấn (sheet 11) | D5: Luận văn thạc sĩ
A6: 4. Thách thức giả định | B6: Đề tài có đặt câu hỏi về một giả định mà các nghiên cứu trước coi là đúng không? (Sandberg và Alvesson, 2011) | C6: Ví dụ: giả định "dễ dùng luôn làm tăng ý định" có còn đúng khi ứng dụng đã quen thuộc? | D6: Nghiên cứu sinh, bài báo
A8: Tự chấm sáu điểm nâng chất lượng (gõ Có hoặc Không vào cột E)
A9: Hạng mục | B9: Mức đạt của khóa luận | C9: Mức chất lượng thạc sĩ | D9: Bằng chứng trong file này | E9: Đã làm?
A10: Khoảng trống | B10: Có trích dẫn, giới hạn phạm vi tìm kiếm | C10: Có nhật ký tìm kiếm và bảng đếm khoảng trống | D10: Sheet 1 và 2 | E10: Có
A11: Thang đo | B11: Kế thừa thang đo đã công bố | C11: Thêm phỏng vấn 5 đến 8 người để điều chỉnh câu chữ; có bảng câu gốc và câu điều chỉnh | D11: Sheet 10 và 11 | E11: Không
A12: Kế hoạch mẫu | B12: Có cỡ mẫu tối thiểu | C12: Có số cần mời tính từ tỷ lệ phản hồi dự kiến và lịch tiếp xúc | D12: Sheet 4 và 5 | E12: Có
A13: Chất lượng phiếu | B13: Loại phiếu trùng và phiếu trống | C13: Thêm câu kiểm tra sự chú ý, kiểm tra trả lời một đường thẳng, nhóm sớm và muộn, sai lệch phương pháp chung | D13: Sheet 6, 8, 9 | E13: Có
A14: Phân tích | B14: Alpha và hồi quy | C14: Thêm EFA (mục 3.6.3) hoặc đánh giá mô hình đo lường nếu dùng SmartPLS | D14: File 3 | E14: Không
A15: Thảo luận | B15: So sánh với nghiên cứu trước | C15: Dùng trích lời phỏng vấn để giải thích kết quả bất ngờ, ví dụ SD không có ý nghĩa | D15: Sheet 11 | E15: Không
C16: Số hạng mục đạt mức thạc sĩ | E16: =COUNTIF(E10:E15,"Có")
A18: Gợi ý của tác giả sách: bảng này không phải tiêu chí chấm chính thức. Ba hạng mục đầu tốn thêm khoảng 2 đến 3 ngày và có thể làm trong khung tám tuần.

Sheet GiaiThichCongThuc
A1: GIẢI THÍCH CÁC CÔNG THỨC TRONG FILE (dữ liệu giả định, không phải số liệu thật)
A2: Sheet và ô | B2: Công thức | C2: Công thức làm gì | D2: Vì sao dùng | E2: Cách đọc kết quả
A3: 2_MaTranTaiLieu, bảng đếm | B3: =COUNTIFS(cột HI,1,cột NT,1,cột XH,1) | C3: Đếm nghiên cứu thỏa đồng thời nhiều điều kiện | D3: Biến câu "chưa có nghiên cứu nào" thành con số kiểm tra được | E3: Bằng 8: tổ hợp biến này đã được nghiên cứu nhiều
A4: 4_KeHoachMau, số cần mời | B4: =ROUNDUP(mục tiêu/(tỷ lệ phản hồi*tỷ lệ hợp lệ),0) | C4: Tính ngược từ số phiếu hợp lệ cần có ra số người phải mời | D4: Lập kế hoạch trước khi phát phiếu | E4: 150/(0,80*0,94) = 200 người
A5: 6_DuLieuThoGanCo, cột Z | B5: =IF(Y2<DATE(2025,3,6),1,IF(Y2<DATE(2025,3,13),2,3)) | C5: Gán đợt trả lời theo ngày nhắc lại | D5: Chia nhóm sớm và nhóm muộn | E5: 1 = trước nhắc lần 1; 3 = sau nhắc lần 2
A6: 6_DuLieuThoGanCo, cột AA | B6: =COUNTBLANK(B2:X2) | C6: Đếm số ô trống của một phiếu | D6: Áp quy tắc loại phiếu bỏ trống từ 8 ô | E6: Từ 8 trở lên: loại
A7: 6_DuLieuThoGanCo, cột AC | B7: =IF(COUNTIF($AB$2:AB2,AB2)>1,1,0) | C7: Đánh dấu phiếu có nội dung trùng một phiếu phía trên | D7: Giữ lần gửi đầu, loại lần gửi sau | E7: 1 = trùng
A8: 6_DuLieuThoGanCo, cột AD | B8: =STDEV(F2:X2) | C8: Độ lệch chuẩn của 19 câu trả lời trong một phiếu | D8: Phát hiện phiếu chọn cùng một mức | E8: Bằng 0: trả lời một đường thẳng
A9: 7_NhatKyThuThap, cột F | B9: =COUNTIF('6_DuLieuThoGanCo'!Y:Y,ngày) | C9: Đếm số phiếu nhận trong ngày từ dấu thời gian | D9: Nhật ký khớp tuyệt đối với file dữ liệu | E9: Tổng bằng 165
A10: 8_SomMuon, cột E | B10: =T.TEST(nhóm sớm,nhóm muộn,2,3) | C10: Kiểm định t hai phía, hai mẫu độc lập, phương sai khác nhau | D10: So sánh người trả lời sớm và muộn | E10: Lớn hơn 0,05: không khác biệt
A11: 10_PhongVanBaoHoa, cột F | B11: =COUNTIF('11_MaHoaPhongVan'!C19:P19,số buổi) | C11: Đếm số mã có buổi xuất hiện đầu tiên bằng buổi này | D11: Biết khi nào dữ liệu bão hòa | E11: Hai buổi liên tiếp bằng 0: dừng
A12: 11_MaHoaPhongVan, dòng 19 | B12: =MATCH(1,C6:C15,0) | C12: Tìm buổi đầu tiên có giá trị 1 trong cột mã | D12: Không phải tự đếm bằng tay | E12: Số thứ tự buổi
A13: 11_MaHoaPhongVan, bảng chủ đề | B13: =SUMPRODUCT(--((cột mã 1+cột mã 2)>0)) | C13: Đếm số người nhắc ít nhất một mã của chủ đề | D13: Một người nhắc hai mã cùng chủ đề chỉ tính một lần | E13: Số người trên 10
